__name__,container,cpu,endpoint,id,image,instance,job,metrics_path,name,namespace,node,pod,service,value
container_cpu_usage_seconds_total,alertmanager,total,https-metrics,/kubepods/burstable/poda6a84786-e6c1-4664-bc88-d47352abaf94/921e619fb6c7fa2aa3b7d1071f553b59abef89d33b288fc74edf1ed7f8fbc263,quay.io/prometheus/alertmanager:v0.25.0,10.0.1.100:10250,kubelet,/metrics/cadvisor,921e619fb6c7fa2aa3b7d1071f553b59abef89d33b288fc74edf1ed7f8fbc263,monitoring,worker-nbg1-1,alertmanager-kube-prometheus-stack-alertmanager-0,kube-prometheus-stack-kubelet,1414.025198
container_cpu_usage_seconds_total,cer-plus-affiliazione-frontend,total,https-metrics,/kubepods/besteffort/pod28c4cdec-b506-436a-acb7-cc7b4d5e4782/4854174cf15e62081f6fb3d82a642d8559bb9f4c508eb1bf56401ae989d9d20a,registry.vivieb.it/cer-plus/cer-plus-affiliazione-frontend:0.67.0-rc.21,10.0.1.100:10250,kubelet,/metrics/cadvisor,4854174cf15e62081f6fb3d82a642d8559bb9f4c508eb1bf56401ae989d9d20a,apps,worker-nbg1-1,cer-plus-affiliazione-frontend-app-585cc59fd-2vhcc,kube-prometheus-stack-kubelet,3695.098036
container_cpu_usage_seconds_total,cer-plus-affiliazione-frontend,total,https-metrics,/kubepods/besteffort/pod5f564b96-dbf5-4f43-b588-a647b47d1c52/5073065c2be82b27ec7aad0094a6c6319334b1e088955f1c39554073b18654a0,registry.vivieb.it/cer-plus/cer-plus-affiliazione-frontend:0.67.0-rc.21,10.0.1.101:10250,kubelet,/metrics/cadvisor,5073065c2be82b27ec7aad0094a6c6319334b1e088955f1c39554073b18654a0,apps,worker-nbg1-2,cer-plus-affiliazione-frontend-app-585cc59fd-jtw98,kube-prometheus-stack-kubelet,2745.719862
container_cpu_usage_seconds_total,cer-plus-member-frontend,total,https-metrics,/kubepods/besteffort/pod898a32be-1ff5-42cb-a089-7902e999fe9e/c284c5b79f6b838cbcf61ccd52315181cb7e354f8ed6a774f763f84c5c258cb7,registry.vivieb.it/cer-plus/cer-plus-member-frontend:0.78.0-rc.245,10.0.1.101:10250,kubelet,/metrics/cadvisor,c284c5b79f6b838cbcf61ccd52315181cb7e354f8ed6a774f763f84c5c258cb7,apps,worker-nbg1-2,cer-plus-member-frontend-app-56ddccc764-p4s8d,kube-prometheus-stack-kubelet,1985.902944
container_cpu_usage_seconds_total,cer-plus-member-frontend,total,https-metrics,/kubepods/besteffort/poda4cae5f5-645e-41e5-bbaf-94906e4be116/849aa6a443973e63671db939cef6e3a6025cd10467915177b1c7ac2262b520c9,registry.vivieb.it/cer-plus/cer-plus-member-frontend:0.78.0-rc.245,10.0.1.100:10250,kubelet,/metrics/cadvisor,849aa6a443973e63671db939cef6e3a6025cd10467915177b1c7ac2262b520c9,apps,worker-nbg1-1,cer-plus-member-frontend-app-56ddccc764-bvkns,kube-prometheus-stack-kubelet,2623.06417
container_cpu_usage_seconds_total,cer-plus-operator-frontend,total,https-metrics,/kubepods/besteffort/pod00e68ea7-9e98-4a23-83e7-097403a96d2b/149be45cebc6fb103f54c8c807543acb6f89b2433f6531bbd783025ecba75736,registry.vivieb.it/cer-plus/cer-plus-operator-frontend:0.93.0-rc.310,10.0.1.100:10250,kubelet,/metrics/cadvisor,149be45cebc6fb103f54c8c807543acb6f89b2433f6531bbd783025ecba75736,apps,worker-nbg1-1,cer-plus-operator-frontend-app-74c48587bb-tpn7x,kube-prometheus-stack-kubelet,2653.573263
container_cpu_usage_seconds_total,cer-plus-operator-frontend,total,https-metrics,/kubepods/besteffort/podf427b53b-723e-4180-91fb-21624d7acd1e/a298f6874a8f1a9a2292ec5664243c6fd2b4ebedaacd85679029011441d43ea3,registry.vivieb.it/cer-plus/cer-plus-operator-frontend:0.93.0-rc.310,10.0.1.101:10250,kubelet,/metrics/cadvisor,a298f6874a8f1a9a2292ec5664243c6fd2b4ebedaacd85679029011441d43ea3,apps,worker-nbg1-2,cer-plus-operator-frontend-app-74c48587bb-5lldp,kube-prometheus-stack-kubelet,2044.629549
container_cpu_usage_seconds_total,cer-plus-schedulers,total,https-metrics,/kubepods/besteffort/pod253e7f96-e258-4d2c-bd33-a0a66743a0ea/0dca8795df6703a01e703fec434c9e5edfbf2b428373881acdabe1cf11c3fde6,registry.vivieb.it/cer-plus/cer-plus-schedulers:0.40.0-rc.175,10.0.1.100:10250,kubelet,/metrics/cadvisor,0dca8795df6703a01e703fec434c9e5edfbf2b428373881acdabe1cf11c3fde6,apps,worker-nbg1-1,cer-plus-schedulers-app-786984d5db-fk8dz,kube-prometheus-stack-kubelet,2751.234864
container_cpu_usage_seconds_total,cer-plus-schedulers,total,https-metrics,/kubepods/besteffort/pod35a1eff0-e088-493c-b009-200816a452c2/12b90100335b1454d40d8f964294df0595d4e4e383ef79d8bc946c8b2b903d76,registry.vivieb.it/cer-plus/cer-plus-schedulers:0.40.0-rc.175,10.0.1.101:10250,kubelet,/metrics/cadvisor,12b90100335b1454d40d8f964294df0595d4e4e383ef79d8bc946c8b2b903d76,apps,worker-nbg1-2,cer-plus-schedulers-app-786984d5db-hqmz4,kube-prometheus-stack-kubelet,2104.995926
container_cpu_usage_seconds_total,cer-plus-service,total,https-metrics,/kubepods/besteffort/pod5f7bc06e-4edf-4972-9020-d0470ca18488/70f1cb4495416e84569aad514fe75e4960cd6929b776cf8d94e29eb6d476daac,registry.vivieb.it/cer-plus/cer-plus-service:0.189.0-rc.852,10.0.1.100:10250,kubelet,/metrics/cadvisor,70f1cb4495416e84569aad514fe75e4960cd6929b776cf8d94e29eb6d476daac,apps,worker-nbg1-1,cer-plus-service-app-fcd4465bd-nfkkh,kube-prometheus-stack-kubelet,2632.24946
container_cpu_usage_seconds_total,cer-plus-service,total,https-metrics,/kubepods/besteffort/pod8ae88416-2d40-4be8-89c1-66a26aca3b63/5718983f2951386c7ece5db59f5f956fb129c74465705896eff2675c68e66372,registry.vivieb.it/cer-plus/cer-plus-service:0.189.0-rc.852,10.0.1.101:10250,kubelet,/metrics/cadvisor,5718983f2951386c7ece5db59f5f956fb129c74465705896eff2675c68e66372,apps,worker-nbg1-2,cer-plus-service-app-fcd4465bd-ztks7,kube-prometheus-stack-kubelet,2011.29022
container_cpu_usage_seconds_total,cert-approver,total,https-metrics,/kubepods/burstable/pod57c42790-9587-4e25-b37d-73aa5d71ea51/61608a91a0819a70caac8e6114d4464240d5ad2859d1aeb0e042e3330a04dd2c,ghcr.io/alex1989hu/kubelet-serving-cert-approver:main,10.0.1.50:10250,kubelet,/metrics/cadvisor,61608a91a0819a70caac8e6114d4464240d5ad2859d1aeb0e042e3330a04dd2c,kubelet-serving-cert-approver,controlplane-nbg1-1,kubelet-serving-cert-approver-7ddfd4469b-9zq6m,kube-prometheus-stack-kubelet,1013.773651
container_cpu_usage_seconds_total,cert-manager-cainjector,total,https-metrics,/kubepods/besteffort/pode8d73c2b-3bbc-4ba8-87ba-86a88dde19f0/f9772ab3713cd8058f73482a48b93004eb25d6119af7de18c1af3e8d86366e90,quay.io/jetstack/cert-manager-cainjector:v1.13.3,10.0.1.101:10250,kubelet,/metrics/cadvisor,f9772ab3713cd8058f73482a48b93004eb25d6119af7de18c1af3e8d86366e90,cert-manager,worker-nbg1-2,cert-manager-cainjector-5c8d6f6646-92txb,kube-prometheus-stack-kubelet,2031.795944
container_cpu_usage_seconds_total,cert-manager-controller,total,https-metrics,/kubepods/besteffort/podee06d271-f11c-453f-9f68-99007c57a7c2/c8e49321a31793dfd046c22255cc239bfc5b52b5215a1dbfabbc98192b554233,quay.io/jetstack/cert-manager-controller:v1.13.3,10.0.1.100:10250,kubelet,/metrics/cadvisor,c8e49321a31793dfd046c22255cc239bfc5b52b5215a1dbfabbc98192b554233,cert-manager,worker-nbg1-1,cert-manager-8db45d64b-jxlrs,kube-prometheus-stack-kubelet,1905.838414
container_cpu_usage_seconds_total,cert-manager-webhook,total,https-metrics,/kubepods/besteffort/pod2b81580c-f4d2-4c14-8ab0-01eec7395426/80a78d68e598afa1dedde12a8867c3a0f1d028d2daa6d2793a56b18dcbc598ff,quay.io/jetstack/cert-manager-webhook:v1.13.3,10.0.1.101:10250,kubelet,/metrics/cadvisor,80a78d68e598afa1dedde12a8867c3a0f1d028d2daa6d2793a56b18dcbc598ff,cert-manager,worker-nbg1-2,cert-manager-webhook-7c7d969c76-czltk,kube-prometheus-stack-kubelet,900.361108
container_cpu_usage_seconds_total,config-reloader,total,https-metrics,/kubepods/burstable/pod4ecea42c-e6fc-4196-9f5e-08c3998678fc/3434c888f38a08480df820e4dbf7c0380cadfa7a7dbbdb9839b44fb69c4ce0e0,quay.io/prometheus-operator/prometheus-config-reloader:v0.65.1,10.0.1.100:10250,kubelet,/metrics/cadvisor,3434c888f38a08480df820e4dbf7c0380cadfa7a7dbbdb9839b44fb69c4ce0e0,monitoring,worker-nbg1-1,prometheus-kube-prometheus-stack-prometheus-0,kube-prometheus-stack-kubelet,82.978371
container_cpu_usage_seconds_total,config-reloader,total,https-metrics,/kubepods/burstable/pod9dd17ead-ce23-4b4f-9cd9-98f77a88a26a/5912ec28135b6e5927071f2c74070785df08a496fbd8695d2ef256e1585868c1,ghcr.io/kube-logging/config-reloader:v0.0.5,10.0.1.101:10250,kubelet,/metrics/cadvisor,5912ec28135b6e5927071f2c74070785df08a496fbd8695d2ef256e1585868c1,logging,worker-nbg1-2,apps-logging-fluentd-0,kube-prometheus-stack-kubelet,1.93783
container_cpu_usage_seconds_total,config-reloader,total,https-metrics,/kubepods/burstable/poda6a84786-e6c1-4664-bc88-d47352abaf94/25ccb8687135a40b5f5115be32016d7483b00ba016fab53441245f7695596d4c,quay.io/prometheus-operator/prometheus-config-reloader:v0.65.1,10.0.1.100:10250,kubelet,/metrics/cadvisor,25ccb8687135a40b5f5115be32016d7483b00ba016fab53441245f7695596d4c,monitoring,worker-nbg1-1,alertmanager-kube-prometheus-stack-alertmanager-0,kube-prometheus-stack-kubelet,28.057065
container_cpu_usage_seconds_total,controller,total,https-metrics,/kubepods/besteffort/pod8cbb9fb6-d8d9-4716-85b6-a02bb0e2b9d7/8a49023e8f28fd2fc17bec8b55a15ee8451263a49e79290ec9e0fdb34ad8e0d5,docker.io/bitnami/sealed-secrets-controller:v0.20.5,10.0.1.50:10250,kubelet,/metrics/cadvisor,8a49023e8f28fd2fc17bec8b55a15ee8451263a49e79290ec9e0fdb34ad8e0d5,sealed-secrets,controlplane-nbg1-1,sealed-secrets-668676cb45-bvsdv,kube-prometheus-stack-kubelet,478.48921
container_cpu_usage_seconds_total,controller,total,https-metrics,/kubepods/burstable/pod2ab3c8a8-f548-4d20-9ec8-9da7f7b12f3f/bade2319d8807e24c70dcf97618ddb7b3a224274867ccb830e0ac972ecd6753e,registry.k8s.io/ingress-nginx/controller@sha256:b3aba22b1da80e7acfc52b115cae1d4c687172cbf2b742d5b502419c25ff340e,10.0.1.100:10250,kubelet,/metrics/cadvisor,bade2319d8807e24c70dcf97618ddb7b3a224274867ccb830e0ac972ecd6753e,ingress-nginx,worker-nbg1-1,ingress-nginx-controller-748b9689bf-2kkt2,kube-prometheus-stack-kubelet,3706.184986
container_cpu_usage_seconds_total,controller,total,https-metrics,/kubepods/burstable/pod655907a0-2927-4080-a885-a009c8beede8/61336feaa1a4b7aa4b3b23afe6fba9b731e6a151885b86ef1784c3bc182b51a0,registry.k8s.io/ingress-nginx/controller@sha256:b3aba22b1da80e7acfc52b115cae1d4c687172cbf2b742d5b502419c25ff340e,10.0.1.101:10250,kubelet,/metrics/cadvisor,61336feaa1a4b7aa4b3b23afe6fba9b731e6a151885b86ef1784c3bc182b51a0,ingress-nginx,worker-nbg1-2,ingress-nginx-controller-748b9689bf-2hbpr,kube-prometheus-stack-kubelet,2612.681717
container_cpu_usage_seconds_total,coredns,total,https-metrics,/kubepods/burstable/pod1e6e2c59-172e-4b2f-9211-de5bb60eccdf/b89ee0b54104106d914262b2f9199bbd88aa461dbb8ceeda376c9806aa811232,docker.io/coredns/coredns:1.10.1,10.0.1.50:10250,kubelet,/metrics/cadvisor,b89ee0b54104106d914262b2f9199bbd88aa461dbb8ceeda376c9806aa811232,kube-system,controlplane-nbg1-1,coredns-d779cc7ff-rb4kt,kube-prometheus-stack-kubelet,5150.696902
container_cpu_usage_seconds_total,coredns,total,https-metrics,/kubepods/burstable/pod83c4c2b1-4c90-4c02-a7fa-6a223c9f097c/f8d93b21c3ebfefe1c2998e6281a59ed2a6403e21713ed83a9c702de43d39d76,docker.io/coredns/coredns:1.10.1,10.0.1.50:10250,kubelet,/metrics/cadvisor,f8d93b21c3ebfefe1c2998e6281a59ed2a6403e21713ed83a9c702de43d39d76,kube-system,controlplane-nbg1-1,coredns-d779cc7ff-spxvm,kube-prometheus-stack-kubelet,5127.987498
container_cpu_usage_seconds_total,csi-attacher,total,https-metrics,/kubepods/besteffort/poda8805515-7c88-4125-9205-095c9bba84a5/9051f85439c47c41d1bc70b68036c180b74d71142b167a1318d8cf7000378074,registry.k8s.io/sig-storage/csi-attacher:v4.1.0,10.0.1.50:10250,kubelet,/metrics/cadvisor,9051f85439c47c41d1bc70b68036c180b74d71142b167a1318d8cf7000378074,kube-system,controlplane-nbg1-1,hcloud-csi-controller-76b94f8979-mn6jt,kube-prometheus-stack-kubelet,197.224903
container_cpu_usage_seconds_total,csi-node-driver-registrar,total,https-metrics,/kubepods/besteffort/pod1cc50115-90d6-4d2f-aaef-9b29fb796c0e/8a397b8f20ed6ff0404fee1648cf5704483a63ec170fe9543598a9179fa9bcf2,registry.k8s.io/sig-storage/csi-node-driver-registrar:v2.7.0,10.0.1.101:10250,kubelet,/metrics/cadvisor,8a397b8f20ed6ff0404fee1648cf5704483a63ec170fe9543598a9179fa9bcf2,kube-system,worker-nbg1-2,hcloud-csi-node-79k96,kube-prometheus-stack-kubelet,5.917165
container_cpu_usage_seconds_total,csi-node-driver-registrar,total,https-metrics,/kubepods/besteffort/pod6a5c1806-a3d2-4265-9044-f3380e288a68/e6cc4fbc9d3232522a0ab2bb296972d8376e2975d5d6fd4cc5ea5ebe8c7c9ab0,registry.k8s.io/sig-storage/csi-node-driver-registrar:v2.7.0,10.0.1.50:10250,kubelet,/metrics/cadvisor,e6cc4fbc9d3232522a0ab2bb296972d8376e2975d5d6fd4cc5ea5ebe8c7c9ab0,kube-system,controlplane-nbg1-1,hcloud-csi-node-lvhlt,kube-prometheus-stack-kubelet,1.667111
container_cpu_usage_seconds_total,csi-node-driver-registrar,total,https-metrics,/kubepods/besteffort/podf8a16034-11f7-4893-8011-44bd53f344df/7f102f1f91533a234fec34152ac60bbbed98fc7ef3dff848e2b29d229fc5ac48,registry.k8s.io/sig-storage/csi-node-driver-registrar:v2.7.0,10.0.1.100:10250,kubelet,/metrics/cadvisor,7f102f1f91533a234fec34152ac60bbbed98fc7ef3dff848e2b29d229fc5ac48,kube-system,worker-nbg1-1,hcloud-csi-node-8xhhp,kube-prometheus-stack-kubelet,7.48137
container_cpu_usage_seconds_total,csi-provisioner,total,https-metrics,/kubepods/besteffort/poda8805515-7c88-4125-9205-095c9bba84a5/ade507fc40da096ff8248bdcd7f528255decf99290f8f50dad5faa16267d7d68,registry.k8s.io/sig-storage/csi-provisioner:v3.4.0,10.0.1.50:10250,kubelet,/metrics/cadvisor,ade507fc40da096ff8248bdcd7f528255decf99290f8f50dad5faa16267d7d68,kube-system,controlplane-nbg1-1,hcloud-csi-controller-76b94f8979-mn6jt,kube-prometheus-stack-kubelet,1331.433661
container_cpu_usage_seconds_total,csi-resizer,total,https-metrics,/kubepods/besteffort/poda8805515-7c88-4125-9205-095c9bba84a5/7246f93bde616803e50f1d3736a6034ada8487af1e7650c6f6008d2bf5286ef0,registry.k8s.io/sig-storage/csi-resizer:v1.7.0,10.0.1.50:10250,kubelet,/metrics/cadvisor,7246f93bde616803e50f1d3736a6034ada8487af1e7650c6f6008d2bf5286ef0,kube-system,controlplane-nbg1-1,hcloud-csi-controller-76b94f8979-mn6jt,kube-prometheus-stack-kubelet,239.880546
container_cpu_usage_seconds_total,elasticsearch,total,https-metrics,/kubepods/poddec1c9da-b661-4ced-85ca-f8582b14edd4/06017ebd8a0159c487b156a352cf947cd4c46648174292fec189440c77822ca2,docker.elastic.co/elasticsearch/elasticsearch:8.7.1,10.0.1.101:10250,kubelet,/metrics/cadvisor,06017ebd8a0159c487b156a352cf947cd4c46648174292fec189440c77822ca2,elastic,worker-nbg1-2,elasticsearch-es-master-0,kube-prometheus-stack-kubelet,185850.783623
container_cpu_usage_seconds_total,fluent-bit,total,https-metrics,/kubepods/burstable/pod07513eda-a4ce-4ce2-9d7f-02173e7d75cc/3ad61521e967f900ac4b95a87c4bfa32490ec8c18d5fb60c9caa0dd2b6fe116f,docker.io/fluent/fluent-bit:2.1.4,10.0.1.101:10250,kubelet,/metrics/cadvisor,3ad61521e967f900ac4b95a87c4bfa32490ec8c18d5fb60c9caa0dd2b6fe116f,logging,worker-nbg1-2,apps-logging-fluentbit-vb5rx,kube-prometheus-stack-kubelet,7567.220629
container_cpu_usage_seconds_total,fluent-bit,total,https-metrics,/kubepods/burstable/pod29421749-6678-4d24-9899-db3236b7ef87/cad74bb91cbc453d99d49513dddb30c032c4534dccc48f19af16380771eccdff,docker.io/fluent/fluent-bit:2.1.4,10.0.1.50:10250,kubelet,/metrics/cadvisor,cad74bb91cbc453d99d49513dddb30c032c4534dccc48f19af16380771eccdff,logging,controlplane-nbg1-1,apps-logging-fluentbit-76kmc,kube-prometheus-stack-kubelet,2320.980463
container_cpu_usage_seconds_total,fluent-bit,total,https-metrics,/kubepods/burstable/pod9421b13d-0f2c-44cc-a0a4-9f6fcb55b3a8/3742bf38f49011e6dea881595092ba30a5ba69adfc7aa82ad5e7fe852e3f4156,docker.io/fluent/fluent-bit:2.1.4,10.0.1.100:10250,kubelet,/metrics/cadvisor,3742bf38f49011e6dea881595092ba30a5ba69adfc7aa82ad5e7fe852e3f4156,logging,worker-nbg1-1,apps-logging-fluentbit-s5xmm,kube-prometheus-stack-kubelet,6948.488747
container_cpu_usage_seconds_total,fluentd,total,https-metrics,/kubepods/burstable/pod9dd17ead-ce23-4b4f-9cd9-98f77a88a26a/795cb01fb9b2567b66567a514b29872a3e6417de5d5f3b7b5fd759003a13ab33,ghcr.io/kube-logging/fluentd:v1.15-ruby3,10.0.1.101:10250,kubelet,/metrics/cadvisor,795cb01fb9b2567b66567a514b29872a3e6417de5d5f3b7b5fd759003a13ab33,logging,worker-nbg1-2,apps-logging-fluentd-0,kube-prometheus-stack-kubelet,921976.891555
container_cpu_usage_seconds_total,grafana,total,https-metrics,/kubepods/besteffort/podd9e0431f-259e-475d-ac33-d76663d307a1/5bbc7a3ff81af35857a264d8afd45f56b720b1518e86e47993d8c71941e94891,docker.io/grafana/grafana:9.5.2,10.0.1.50:10250,kubelet,/metrics/cadvisor,5bbc7a3ff81af35857a264d8afd45f56b720b1518e86e47993d8c71941e94891,monitoring,controlplane-nbg1-1,kube-prometheus-stack-grafana-6b47849ddb-d5r4r,kube-prometheus-stack-kubelet,6152.524585
container_cpu_usage_seconds_total,grafana-sc-dashboard,total,https-metrics,/kubepods/besteffort/podd9e0431f-259e-475d-ac33-d76663d307a1/532dcfa4267d4a5960c187eeb53de7894d3c9a4b94f0420c1aa5a8e7bb3d0e35,quay.io/kiwigrid/k8s-sidecar:1.22.0,10.0.1.50:10250,kubelet,/metrics/cadvisor,532dcfa4267d4a5960c187eeb53de7894d3c9a4b94f0420c1aa5a8e7bb3d0e35,monitoring,controlplane-nbg1-1,kube-prometheus-stack-grafana-6b47849ddb-d5r4r,kube-prometheus-stack-kubelet,2635.556217
container_cpu_usage_seconds_total,grafana-sc-datasources,total,https-metrics,/kubepods/besteffort/podd9e0431f-259e-475d-ac33-d76663d307a1/36cdfdd8a6e9958ca8efb6c5592c0975a242f77348ef5a3e9586416938433ab6,quay.io/kiwigrid/k8s-sidecar:1.22.0,10.0.1.50:10250,kubelet,/metrics/cadvisor,36cdfdd8a6e9958ca8efb6c5592c0975a242f77348ef5a3e9586416938433ab6,monitoring,controlplane-nbg1-1,kube-prometheus-stack-grafana-6b47849ddb-d5r4r,kube-prometheus-stack-kubelet,424.944125
container_cpu_usage_seconds_total,hcloud-cloud-controller-manager,total,https-metrics,/kubepods/burstable/pod4ec1d904-a9ef-462f-910c-9108e62a4deb/c47383c675a3187e18336a34b1ab7efcbd217b4706698bc31f2ebb0c875a650f,docker.io/hetznercloud/hcloud-cloud-controller-manager:v1.15.0,10.0.1.50:10250,kubelet,/metrics/cadvisor,c47383c675a3187e18336a34b1ab7efcbd217b4706698bc31f2ebb0c875a650f,kube-system,controlplane-nbg1-1,hcloud-cloud-controller-manager-69c646bcb4-f42gx,kube-prometheus-stack-kubelet,3352.444236
container_cpu_usage_seconds_total,hcloud-csi-driver,total,https-metrics,/kubepods/besteffort/pod1cc50115-90d6-4d2f-aaef-9b29fb796c0e/2c170deebe1e30341215ed6725aa463024b5f7b22f94add9da89bfffbfdc9603,docker.io/hetznercloud/hcloud-csi-driver:v2.3.2,10.0.1.101:10250,kubelet,/metrics/cadvisor,2c170deebe1e30341215ed6725aa463024b5f7b22f94add9da89bfffbfdc9603,kube-system,worker-nbg1-2,hcloud-csi-node-79k96,kube-prometheus-stack-kubelet,6051.648971
container_cpu_usage_seconds_total,hcloud-csi-driver,total,https-metrics,/kubepods/besteffort/pod6a5c1806-a3d2-4265-9044-f3380e288a68/438cec031edc1f1df8daf27f0bf8e4aa73b41a3839f83d040147c0efed80df4a,docker.io/hetznercloud/hcloud-csi-driver:v2.3.2,10.0.1.50:10250,kubelet,/metrics/cadvisor,438cec031edc1f1df8daf27f0bf8e4aa73b41a3839f83d040147c0efed80df4a,kube-system,controlplane-nbg1-1,hcloud-csi-node-lvhlt,kube-prometheus-stack-kubelet,1330.766828
container_cpu_usage_seconds_total,hcloud-csi-driver,total,https-metrics,/kubepods/besteffort/poda8805515-7c88-4125-9205-095c9bba84a5/def13c4760e38e1f550125df8579418c50c6dbe2eb62694fb8f240423111d96c,docker.io/hetznercloud/hcloud-csi-driver:v2.3.2,10.0.1.50:10250,kubelet,/metrics/cadvisor,def13c4760e38e1f550125df8579418c50c6dbe2eb62694fb8f240423111d96c,kube-system,controlplane-nbg1-1,hcloud-csi-controller-76b94f8979-mn6jt,kube-prometheus-stack-kubelet,1397.669715
container_cpu_usage_seconds_total,hcloud-csi-driver,total,https-metrics,/kubepods/besteffort/podf8a16034-11f7-4893-8011-44bd53f344df/7399ceadfebc0573bb6fcbe63fdf32e7a22bccbaee3653d09dc69f5369e59297,docker.io/hetznercloud/hcloud-csi-driver:v2.3.2,10.0.1.100:10250,kubelet,/metrics/cadvisor,7399ceadfebc0573bb6fcbe63fdf32e7a22bccbaee3653d09dc69f5369e59297,kube-system,worker-nbg1-1,hcloud-csi-node-8xhhp,kube-prometheus-stack-kubelet,7665.159111
container_cpu_usage_seconds_total,kibana,total,https-metrics,/kubepods/podc15452d8-7c1d-46cd-b076-ab2ec9a18d23/fc5fece3493056b634f59c0bf1c68186e0d64361d4e1ea0333d27470796e981a,docker.elastic.co/kibana/kibana:8.7.1,10.0.1.50:10250,kubelet,/metrics/cadvisor,fc5fece3493056b634f59c0bf1c68186e0d64361d4e1ea0333d27470796e981a,elastic,controlplane-nbg1-1,kibana-kb-6644dcd7b6-v8d4m,kube-prometheus-stack-kubelet,42752.794901
container_cpu_usage_seconds_total,kube-apiserver,total,https-metrics,/kubepods/burstable/pod23507352578ce140fcbdda82dbb242fc/931ac2d41e4c31b0677024174d3606bb44ac15a74e1393e9ee86d42e114a1bff,registry.k8s.io/kube-apiserver:v1.27.0-rc.1,10.0.1.50:10250,kubelet,/metrics/cadvisor,931ac2d41e4c31b0677024174d3606bb44ac15a74e1393e9ee86d42e114a1bff,kube-system,controlplane-nbg1-1,kube-apiserver-controlplane-nbg1-1,kube-prometheus-stack-kubelet,224636.661631
container_cpu_usage_seconds_total,kube-controller-manager,total,https-metrics,/kubepods/burstable/pod3e6d7394140c54089e26188a273ef148/787ea90889a7772ad377ff47db78e8a0edd534c0a4ad42f1e0dff4b8cb9b2f86,registry.k8s.io/kube-controller-manager:v1.27.0-rc.1,10.0.1.50:10250,kubelet,/metrics/cadvisor,787ea90889a7772ad377ff47db78e8a0edd534c0a4ad42f1e0dff4b8cb9b2f86,kube-system,controlplane-nbg1-1,kube-controller-manager-controlplane-nbg1-1,kube-prometheus-stack-kubelet,33114.083606
container_cpu_usage_seconds_total,kube-flannel,total,https-metrics,/kubepods/burstable/pod5f39c2c6-f9df-4d9a-8b78-327f558d31df/c6f559497d466c8973b5a2c3cbafd30e1dac24965d2b28bc77239357b2c79663,ghcr.io/siderolabs/flannel:v0.21.4,10.0.1.101:10250,kubelet,/metrics/cadvisor,c6f559497d466c8973b5a2c3cbafd30e1dac24965d2b28bc77239357b2c79663,kube-system,worker-nbg1-2,kube-flannel-gpvbr,kube-prometheus-stack-kubelet,80976.099877
container_cpu_usage_seconds_total,kube-flannel,total,https-metrics,/kubepods/burstable/poda7539910-7e52-4d26-a9b5-178436a8aeb3/e61801cbcb657471ab99f078c71f4d3f3a19d358fb7ba25ba3dc8ddfab4cae64,ghcr.io/siderolabs/flannel:v0.21.4,10.0.1.50:10250,kubelet,/metrics/cadvisor,e61801cbcb657471ab99f078c71f4d3f3a19d358fb7ba25ba3dc8ddfab4cae64,kube-system,controlplane-nbg1-1,kube-flannel-qs259,kube-prometheus-stack-kubelet,22869.960473
container_cpu_usage_seconds_total,kube-flannel,total,https-metrics,/kubepods/burstable/podea0de412-1a10-4ed2-a970-95703f4eb77a/301d8117e7a814394d6f19822ab190678afe7d5d067a1109241e54bee52158ad,ghcr.io/siderolabs/flannel:v0.21.4,10.0.1.100:10250,kubelet,/metrics/cadvisor,301d8117e7a814394d6f19822ab190678afe7d5d067a1109241e54bee52158ad,kube-system,worker-nbg1-1,kube-flannel-lgxb6,kube-prometheus-stack-kubelet,111209.405464
container_cpu_usage_seconds_total,kube-prometheus-stack,total,https-metrics,/kubepods/besteffort/poda5dc1882-771f-4696-9f70-9cef7472eef4/d23ee654191651fa04ab99e979dff383209d114d674837c966341a7b5db62b7e,quay.io/prometheus-operator/prometheus-operator:v0.65.1,10.0.1.50:10250,kubelet,/metrics/cadvisor,d23ee654191651fa04ab99e979dff383209d114d674837c966341a7b5db62b7e,monitoring,controlplane-nbg1-1,kube-prometheus-stack-operator-6cbc867d96-pzhff,kube-prometheus-stack-kubelet,1101.695427
container_cpu_usage_seconds_total,kube-proxy,total,https-metrics,/kubepods/besteffort/pod37e4deef-3281-4134-8ef2-f370cdb1f1aa/13d2f8ef7a757305952a597f8186725bae1b42fc613fea440d88abfa59840c2d,registry.k8s.io/kube-proxy:v1.27.0-rc.1,10.0.1.101:10250,kubelet,/metrics/cadvisor,13d2f8ef7a757305952a597f8186725bae1b42fc613fea440d88abfa59840c2d,kube-system,worker-nbg1-2,kube-proxy-txs8b,kube-prometheus-stack-kubelet,2436.294925
container_cpu_usage_seconds_total,kube-proxy,total,https-metrics,/kubepods/besteffort/pode47cea88-5b6c-40e2-bf7a-120f0511ce1c/9983f5d8ce6a10bfc154d95d8ccaf23b2b5e48b5cefbe590e5db2d7a9578e037,registry.k8s.io/kube-proxy:v1.27.0-rc.1,10.0.1.100:10250,kubelet,/metrics/cadvisor,9983f5d8ce6a10bfc154d95d8ccaf23b2b5e48b5cefbe590e5db2d7a9578e037,kube-system,worker-nbg1-1,kube-proxy-kpbbm,kube-prometheus-stack-kubelet,3322.624514
container_cpu_usage_seconds_total,kube-proxy,total,https-metrics,/kubepods/besteffort/pode81ab008-285e-404c-8d9a-0009d1e6e427/47b76eaf90404ffc37f2f0f0bb2dee9294e01ad9058175c9ad714e5183886503,registry.k8s.io/kube-proxy:v1.27.0-rc.1,10.0.1.50:10250,kubelet,/metrics/cadvisor,47b76eaf90404ffc37f2f0f0bb2dee9294e01ad9058175c9ad714e5183886503,kube-system,controlplane-nbg1-1,kube-proxy-rnrpn,kube-prometheus-stack-kubelet,655.249308
container_cpu_usage_seconds_total,kube-scheduler,total,https-metrics,/kubepods/burstable/pod6bad1ef5ad4fc59ffb17f6a5f650680e/5345abd72d2250e4d4ec45ab941dde5c0b1636591e00ea01b8baa63dffc89070,registry.k8s.io/kube-scheduler:v1.27.0-rc.1,10.0.1.50:10250,kubelet,/metrics/cadvisor,5345abd72d2250e4d4ec45ab941dde5c0b1636591e00ea01b8baa63dffc89070,kube-system,controlplane-nbg1-1,kube-scheduler-controlplane-nbg1-1,kube-prometheus-stack-kubelet,6218.436129
container_cpu_usage_seconds_total,kube-state-metrics,total,https-metrics,/kubepods/besteffort/podea4d32bd-30ef-4ad6-8441-2b115e1e70fb/9a82d90609e5369a581508fb3bf2689dfe99d8e7823b2980dce39f45aa82c74d,registry.k8s.io/kube-state-metrics/kube-state-metrics:v2.8.2,10.0.1.50:10250,kubelet,/metrics/cadvisor,9a82d90609e5369a581508fb3bf2689dfe99d8e7823b2980dce39f45aa82c74d,monitoring,controlplane-nbg1-1,kube-prometheus-stack-kube-state-metrics-7dff96c957-ddncs,kube-prometheus-stack-kubelet,3412.703555
container_cpu_usage_seconds_total,liveness-probe,total,https-metrics,/kubepods/besteffort/pod1cc50115-90d6-4d2f-aaef-9b29fb796c0e/e759bb5dfeac45db452d3f46550a648bc7a6dc40e4ea5c529119b36d0b5f1296,registry.k8s.io/sig-storage/livenessprobe:v2.9.0,10.0.1.101:10250,kubelet,/metrics/cadvisor,e759bb5dfeac45db452d3f46550a648bc7a6dc40e4ea5c529119b36d0b5f1296,kube-system,worker-nbg1-2,hcloud-csi-node-79k96,kube-prometheus-stack-kubelet,9650.569112
container_cpu_usage_seconds_total,liveness-probe,total,https-metrics,/kubepods/besteffort/pod6a5c1806-a3d2-4265-9044-f3380e288a68/62335ba82ad46f402760a9291ef479d78fcc1533741c494745fd16b446c31536,registry.k8s.io/sig-storage/livenessprobe:v2.9.0,10.0.1.50:10250,kubelet,/metrics/cadvisor,62335ba82ad46f402760a9291ef479d78fcc1533741c494745fd16b446c31536,kube-system,controlplane-nbg1-1,hcloud-csi-node-lvhlt,kube-prometheus-stack-kubelet,2278.298406
container_cpu_usage_seconds_total,liveness-probe,total,https-metrics,/kubepods/besteffort/poda8805515-7c88-4125-9205-095c9bba84a5/89a6b9e5a7920508020b7af832a2461e7b60e0f86b41ac740e4e6967ae19703b,registry.k8s.io/sig-storage/livenessprobe:v2.9.0,10.0.1.50:10250,kubelet,/metrics/cadvisor,89a6b9e5a7920508020b7af832a2461e7b60e0f86b41ac740e4e6967ae19703b,kube-system,controlplane-nbg1-1,hcloud-csi-controller-76b94f8979-mn6jt,kube-prometheus-stack-kubelet,2294.451125
container_cpu_usage_seconds_total,liveness-probe,total,https-metrics,/kubepods/besteffort/podf8a16034-11f7-4893-8011-44bd53f344df/725e0a4b9174c8102e14db791e23a5f6401917354d5dc5f4b230cd1457acefef,registry.k8s.io/sig-storage/livenessprobe:v2.9.0,10.0.1.100:10250,kubelet,/metrics/cadvisor,725e0a4b9174c8102e14db791e23a5f6401917354d5dc5f4b230cd1457acefef,kube-system,worker-nbg1-1,hcloud-csi-node-8xhhp,kube-prometheus-stack-kubelet,12816.820699
container_cpu_usage_seconds_total,logging-operator,total,https-metrics,/kubepods/besteffort/podd2a30460-7152-4c07-8ae9-eb86767ca39d/4c762f8faeab8cf7ee044874661abaf183560ca64ef91cb091f956529210b06b,ghcr.io/kube-logging/logging-operator:4.2.2,10.0.1.50:10250,kubelet,/metrics/cadvisor,4c762f8faeab8cf7ee044874661abaf183560ca64ef91cb091f956529210b06b,logging,controlplane-nbg1-1,logging-operator-6bcd5875cd-mwhbq,kube-prometheus-stack-kubelet,4662.93517
container_cpu_usage_seconds_total,manager,total,https-metrics,/kubepods/burstable/pod1717759e-0c8b-4f3d-a94a-61d1954cfe0c/bbb95bd167289f15c6760b7d517e196e4e428062dcb4cdfaf505fd871f295ec2,ghcr.io/fluxcd/helm-controller:v0.32.1,10.0.1.50:10250,kubelet,/metrics/cadvisor,bbb95bd167289f15c6760b7d517e196e4e428062dcb4cdfaf505fd871f295ec2,flux-system,controlplane-nbg1-1,helm-controller-7cbfc44f88-zjkzp,kube-prometheus-stack-kubelet,7736.16193
container_cpu_usage_seconds_total,manager,total,https-metrics,/kubepods/burstable/pod7d051f1a-7408-42b9-bd29-4ca91a1d1d5e/c18c8660b26b15ab45b0e435e3c450febc31229e2f98ab7ba3142c0d23988228,docker.elastic.co/eck/eck-operator:2.7.0,10.0.1.100:10250,kubelet,/metrics/cadvisor,c18c8660b26b15ab45b0e435e3c450febc31229e2f98ab7ba3142c0d23988228,elastic,worker-nbg1-1,elastic-operator-0,kube-prometheus-stack-kubelet,12603.733842
container_cpu_usage_seconds_total,manager,total,https-metrics,/kubepods/burstable/pod819d4f61-893d-4347-bd60-f42663433b7f/12e3e02325e413b05ccc216d1e992a3d8140dc06062bda8715e0980a720e3818,ghcr.io/fluxcd/source-controller:v1.0.0-rc.1,10.0.1.50:10250,kubelet,/metrics/cadvisor,12e3e02325e413b05ccc216d1e992a3d8140dc06062bda8715e0980a720e3818,flux-system,controlplane-nbg1-1,source-controller-7cfdc467d6-2vjmx,kube-prometheus-stack-kubelet,80356.295969
container_cpu_usage_seconds_total,manager,total,https-metrics,/kubepods/burstable/pod9e171e01-432a-4fc4-bb6b-1efa233c6434/f80ab193fe8cb0d905f37deee5de0da08d0afdbddbcad042dfb1113b76afad57,ghcr.io/fluxcd/notification-controller:v1.0.0-rc.1,10.0.1.50:10250,kubelet,/metrics/cadvisor,f80ab193fe8cb0d905f37deee5de0da08d0afdbddbcad042dfb1113b76afad57,flux-system,controlplane-nbg1-1,notification-controller-86d886486b-68zhs,kube-prometheus-stack-kubelet,1958.851347
container_cpu_usage_seconds_total,manager,total,https-metrics,/kubepods/burstable/podb988c40b-d18f-49cf-aa36-6c27f74e5caf/dc7d9e97a752a540248f024f0d3131ae873e1f57c80ac84cb10e1313b436e150,ghcr.io/fluxcd/image-reflector-controller:v0.27.0,10.0.1.101:10250,kubelet,/metrics/cadvisor,dc7d9e97a752a540248f024f0d3131ae873e1f57c80ac84cb10e1313b436e150,flux-system,worker-nbg1-2,image-reflector-controller-9b7d45fc5-lzzqw,kube-prometheus-stack-kubelet,39193.381748
container_cpu_usage_seconds_total,manager,total,https-metrics,/kubepods/burstable/podf02b1657-a4fe-4fe5-92d7-484fffb0cb50/7f88569edcc590b4f3520a823e532762ec8be9481f59eb11b46c0cd2ae3bfc97,ghcr.io/fluxcd/kustomize-controller:v1.0.0-rc.1,10.0.1.50:10250,kubelet,/metrics/cadvisor,7f88569edcc590b4f3520a823e532762ec8be9481f59eb11b46c0cd2ae3bfc97,flux-system,controlplane-nbg1-1,kustomize-controller-76dd89c9d4-slpht,kube-prometheus-stack-kubelet,9908.455783
container_cpu_usage_seconds_total,manager,total,https-metrics,/kubepods/burstable/podf2a3ee96-524a-41a0-a758-c63bff13719c/901ca1dce89fd5c225d1ae0813cebf71e7665c79e06e527c33432b83b0e70d11,ghcr.io/fluxcd/image-automation-controller:v0.32.0,10.0.1.50:10250,kubelet,/metrics/cadvisor,901ca1dce89fd5c225d1ae0813cebf71e7665c79e06e527c33432b83b0e70d11,flux-system,controlplane-nbg1-1,image-automation-controller-679b595d96-mrbgj,kube-prometheus-stack-kubelet,3102.526612
container_cpu_usage_seconds_total,metrics,total,https-metrics,/kubepods/burstable/podea7ebb41-eace-4961-a72d-8059ded03eb3/8a01bddd3964a158dcb3517ee65d9dc899033eba7c7534f4bf5254dd93413447,docker.io/bitnami/redis-exporter:1.50.0-debian-11-r1,10.0.1.50:10250,kubelet,/metrics/cadvisor,8a01bddd3964a158dcb3517ee65d9dc899033eba7c7534f4bf5254dd93413447,redis,controlplane-nbg1-1,redis-master-7847cf875-xgrdm,kube-prometheus-stack-kubelet,153.605927
container_cpu_usage_seconds_total,metrics-server,total,https-metrics,/kubepods/burstable/pod1ea7cb6d-fb44-44e5-9743-74ea1033efc2/c7b200cbe95af649c1361ee86cc48023beb0f389f0cdc2aa04227cf33fac81ba,registry.k8s.io/metrics-server/metrics-server:v0.6.4,10.0.1.50:10250,kubelet,/metrics/cadvisor,c7b200cbe95af649c1361ee86cc48023beb0f389f0cdc2aa04227cf33fac81ba,kube-system,controlplane-nbg1-1,metrics-server-5d875656f5-pp4gs,kube-prometheus-stack-kubelet,6177.794293
container_cpu_usage_seconds_total,netido-annotation-service,total,https-metrics,/kubepods/besteffort/pod585fa039-efe9-4c6e-9410-1a02f724ae3b/e8368d5b4f84bfa6c41ac4ceae1c1182021087d58bf2653a9e5b08d411a18105,registry.vivieb.it/netido/netido-annotation-service:0.24.0-rc.73,10.0.1.100:10250,kubelet,/metrics/cadvisor,e8368d5b4f84bfa6c41ac4ceae1c1182021087d58bf2653a9e5b08d411a18105,apps,worker-nbg1-1,netido-annotation-service-app-74889bd865-4cdfm,kube-prometheus-stack-kubelet,13895.973064
container_cpu_usage_seconds_total,netido-annotation-service,total,https-metrics,/kubepods/besteffort/podf08a2eea-10b4-42b4-9f0b-f7b4f6ae329a/363dae50e466c722dd10c391bf48fda47646c924c88edbb158687a66313d7e00,registry.vivieb.it/netido/netido-annotation-service:0.24.0-rc.73,10.0.1.101:10250,kubelet,/metrics/cadvisor,363dae50e466c722dd10c391bf48fda47646c924c88edbb158687a66313d7e00,apps,worker-nbg1-2,netido-annotation-service-app-74889bd865-mwxhm,kube-prometheus-stack-kubelet,10891.375304
container_cpu_usage_seconds_total,netido-audit-trails-registry-service,total,https-metrics,/kubepods/besteffort/pode37daa66-ce64-42db-9c5b-874af4db05c8/87f5ef6e8469f37f12024959b994f5374aece383ba9598aad6648ba5c4a9ba64,registry.vivieb.it/netido/netido-audit-trails-registry-service:0.34.0-rc.101,10.0.1.101:10250,kubelet,/metrics/cadvisor,87f5ef6e8469f37f12024959b994f5374aece383ba9598aad6648ba5c4a9ba64,apps,worker-nbg1-2,netido-audit-trails-registry-service-app-857cfb4c48-4p747,kube-prometheus-stack-kubelet,10995.481466
container_cpu_usage_seconds_total,netido-audit-trails-registry-service,total,https-metrics,/kubepods/besteffort/podef954adf-efa6-4409-bad8-49b2a1bfedd9/332d9730afb59da692a0aeb7833fbc0c34c746b284455c5a0003f2ac77b7e30b,registry.vivieb.it/netido/netido-audit-trails-registry-service:0.34.0-rc.101,10.0.1.100:10250,kubelet,/metrics/cadvisor,332d9730afb59da692a0aeb7833fbc0c34c746b284455c5a0003f2ac77b7e30b,apps,worker-nbg1-1,netido-audit-trails-registry-service-app-857cfb4c48-mvsl6,kube-prometheus-stack-kubelet,13965.244188
container_cpu_usage_seconds_total,netido-counter-service,total,https-metrics,/kubepods/besteffort/pod0d9463b3-8b9d-42ac-a2bb-04743d0837f3/8e54477e7b1cc11f433beeab27e6cfe23b3e53cc785e4ee4349decca354a2871,registry.vivieb.it/netido/netido-counter-service:0.31.0-rc.95,10.0.1.100:10250,kubelet,/metrics/cadvisor,8e54477e7b1cc11f433beeab27e6cfe23b3e53cc785e4ee4349decca354a2871,apps,worker-nbg1-1,netido-counter-service-app-6d64dc5959-dll2h,kube-prometheus-stack-kubelet,13930.1021
container_cpu_usage_seconds_total,netido-counter-service,total,https-metrics,/kubepods/besteffort/poddb412956-d904-45ba-ba69-bbca8fdbf52b/f3bbc03e67c8e4acbcde4ee3cd29264c7df9e99343a2ebb14a8e8d1ff77a8866,registry.vivieb.it/netido/netido-counter-service:0.31.0-rc.95,10.0.1.101:10250,kubelet,/metrics/cadvisor,f3bbc03e67c8e4acbcde4ee3cd29264c7df9e99343a2ebb14a8e8d1ff77a8866,apps,worker-nbg1-2,netido-counter-service-app-6d64dc5959-dnw4j,kube-prometheus-stack-kubelet,10976.949943
container_cpu_usage_seconds_total,netido-dms-service,total,https-metrics,/kubepods/besteffort/pod460e7834-9f56-4906-84e8-ba1f82048a31/13817146491a37ec563cf55bd5203ae75fcd52c0e7f97d6cd7422f073a784c16,registry.vivieb.it/netido/netido-dms-service:0.46.0-rc.160,10.0.1.100:10250,kubelet,/metrics/cadvisor,13817146491a37ec563cf55bd5203ae75fcd52c0e7f97d6cd7422f073a784c16,apps,worker-nbg1-1,netido-dms-service-app-5bb87bf99d-7hxqs,kube-prometheus-stack-kubelet,14207.439277
container_cpu_usage_seconds_total,netido-dms-service,total,https-metrics,/kubepods/besteffort/podc4bbc04f-2e87-44f9-b8e3-974ec2808a7b/b0f42dd01952ab2705c994cf7ddf934a1ddf426dbb424cf89abaf51f943589e9,registry.vivieb.it/netido/netido-dms-service:0.46.0-rc.160,10.0.1.101:10250,kubelet,/metrics/cadvisor,b0f42dd01952ab2705c994cf7ddf934a1ddf426dbb424cf89abaf51f943589e9,apps,worker-nbg1-2,netido-dms-service-app-5bb87bf99d-dgs8f,kube-prometheus-stack-kubelet,11125.724332
container_cpu_usage_seconds_total,netido-emailing-service,total,https-metrics,/kubepods/besteffort/pod026e1d5b-7cfd-4a3b-a363-9bbb6d5b5659/138c7fee636a3c2674fe2f09b7cb0b2963dc01861821ed0edf1b7922fdfa3418,registry.vivieb.it/netido/netido-emailing-service:0.24.0-rc.80,10.0.1.101:10250,kubelet,/metrics/cadvisor,138c7fee636a3c2674fe2f09b7cb0b2963dc01861821ed0edf1b7922fdfa3418,apps,worker-nbg1-2,netido-emailing-service-app-68f78d57bd-9hs2n,kube-prometheus-stack-kubelet,10977.526784
container_cpu_usage_seconds_total,netido-emailing-service,total,https-metrics,/kubepods/besteffort/pod15a71cfc-c7b0-406a-9ed3-3a230bf17460/8234b407815b6d9e8c04be6e75cabb95b12976a2c6e80a23fbad0d1e68f50d5b,registry.vivieb.it/netido/netido-emailing-service:0.24.0-rc.80,10.0.1.100:10250,kubelet,/metrics/cadvisor,8234b407815b6d9e8c04be6e75cabb95b12976a2c6e80a23fbad0d1e68f50d5b,apps,worker-nbg1-1,netido-emailing-service-app-68f78d57bd-zgntn,kube-prometheus-stack-kubelet,14018.140995
container_cpu_usage_seconds_total,netido-gql-gateway,total,https-metrics,/kubepods/besteffort/pod32708cc3-67a7-423a-9624-3d06fd49df9e/372b284b5f52f6ca7afb2d700353e6d52904b1798bdb385d46ad10c76ec307c5,registry.vivieb.it/netido/netido-gql-gateway:0.22.0-rc.66,10.0.1.100:10250,kubelet,/metrics/cadvisor,372b284b5f52f6ca7afb2d700353e6d52904b1798bdb385d46ad10c76ec307c5,apps,worker-nbg1-1,netido-gql-gateway-app-875576655-lhbx6,kube-prometheus-stack-kubelet,138120.855652
container_cpu_usage_seconds_total,netido-gql-gateway,total,https-metrics,/kubepods/besteffort/podb9ec7291-054f-4141-9128-ff82f818570a/de50fbe75e2b3fd0245efa4ad99f67fc6e100c4589900ad6fd1356fbdf4220d7,registry.vivieb.it/netido/netido-gql-gateway:0.22.0-rc.66,10.0.1.101:10250,kubelet,/metrics/cadvisor,de50fbe75e2b3fd0245efa4ad99f67fc6e100c4589900ad6fd1356fbdf4220d7,apps,worker-nbg1-2,netido-gql-gateway-app-875576655-t7nvg,kube-prometheus-stack-kubelet,98626.367389
container_cpu_usage_seconds_total,netido-gql-registry,total,https-metrics,/kubepods/besteffort/poda8f1a004-40a9-42f5-9206-9169f0b5a1cd/84f5124f8bfbf80e740d9ceacf8049ac4c129337eb24dc7047bfe45cd2743bb2,registry.vivieb.it/netido/netido-gql-registry:0.8.0-rc.26,10.0.1.100:10250,kubelet,/metrics/cadvisor,84f5124f8bfbf80e740d9ceacf8049ac4c129337eb24dc7047bfe45cd2743bb2,apps,worker-nbg1-1,netido-gql-registry-app-6c9d666cd7-bjhpb,kube-prometheus-stack-kubelet,11170.337337
container_cpu_usage_seconds_total,netido-internationalization-service,total,https-metrics,/kubepods/besteffort/poda7286306-6f55-4050-aa88-885e39eb028b/c53e01fe6b7797cc3df89cd0814ff48809c1ccc73fb41efc962cafc42ce9393a,registry.vivieb.it/netido/netido-internationalization-service:0.41.0-rc.137,10.0.1.101:10250,kubelet,/metrics/cadvisor,c53e01fe6b7797cc3df89cd0814ff48809c1ccc73fb41efc962cafc42ce9393a,apps,worker-nbg1-2,netido-internationalization-service-app-6644cc7bf7-hmggf,kube-prometheus-stack-kubelet,11003.337291
container_cpu_usage_seconds_total,netido-internationalization-service,total,https-metrics,/kubepods/besteffort/podfc3a1604-2c80-4823-89c1-961d7b7e3659/aab0846b15cdbdd340b012bbabbbdbdf16262aab3c9a17980d122ac83a9c324b,registry.vivieb.it/netido/netido-internationalization-service:0.41.0-rc.137,10.0.1.100:10250,kubelet,/metrics/cadvisor,aab0846b15cdbdd340b012bbabbbdbdf16262aab3c9a17980d122ac83a9c324b,apps,worker-nbg1-1,netido-internationalization-service-app-6644cc7bf7-qdhdk,kube-prometheus-stack-kubelet,13954.188312
container_cpu_usage_seconds_total,netido-notification-service,total,https-metrics,/kubepods/besteffort/pod237ac18a-e9fc-492e-97ea-2aef104005fe/3c011a3f8b07b4febadbc65ad86c9894cef90e3421392de7e86f7b662c4c2064,registry.vivieb.it/netido/netido-notification-service:0.20.0-rc.60,10.0.1.100:10250,kubelet,/metrics/cadvisor,3c011a3f8b07b4febadbc65ad86c9894cef90e3421392de7e86f7b662c4c2064,apps,worker-nbg1-1,netido-notification-service-app-57ff8f7d59-vm8n6,kube-prometheus-stack-kubelet,14082.445229
container_cpu_usage_seconds_total,netido-notification-service,total,https-metrics,/kubepods/besteffort/pod8d1c2704-0497-4dbf-ac11-1af564105c68/6043d123e078d83a7616e57e0ffe83bd31da4383842549886bc3a3503ab33d55,registry.vivieb.it/netido/netido-notification-service:0.20.0-rc.60,10.0.1.101:10250,kubelet,/metrics/cadvisor,6043d123e078d83a7616e57e0ffe83bd31da4383842549886bc3a3503ab33d55,apps,worker-nbg1-2,netido-notification-service-app-57ff8f7d59-8bbwt,kube-prometheus-stack-kubelet,11120.052131
container_cpu_usage_seconds_total,netido-privacy-service,total,https-metrics,/kubepods/besteffort/pod3d6b0c46-17fe-4815-a392-f3c270d465ff/dfd25bb1cef1a85579fcabf790061714e091043ecc5d9b619c45267b8e57125d,registry.vivieb.it/netido/netido-privacy-service:0.10.0-rc.38,10.0.1.101:10250,kubelet,/metrics/cadvisor,dfd25bb1cef1a85579fcabf790061714e091043ecc5d9b619c45267b8e57125d,apps,worker-nbg1-2,netido-privacy-service-app-849b667455-bwgns,kube-prometheus-stack-kubelet,11148.82666
container_cpu_usage_seconds_total,netido-privacy-service,total,https-metrics,/kubepods/besteffort/podda58ebe1-3748-4480-8d16-5e0754217aa3/fa0ad74bab195817d8405dd94d0aca6b5f85072bf29cb1aa77a1725283924786,registry.vivieb.it/netido/netido-privacy-service:0.10.0-rc.38,10.0.1.100:10250,kubelet,/metrics/cadvisor,fa0ad74bab195817d8405dd94d0aca6b5f85072bf29cb1aa77a1725283924786,apps,worker-nbg1-1,netido-privacy-service-app-849b667455-nzwfh,kube-prometheus-stack-kubelet,14098.290596
container_cpu_usage_seconds_total,netido-saga-service,total,https-metrics,/kubepods/besteffort/poda08cb29d-9f37-4457-bb11-c34258c36653/1369476784132faa4fc16e756286c0a9ad2ce6033df42b76dd979853df6bc951,registry.vivieb.it/netido/netido-saga-service:0.61.0-rc.194,10.0.1.101:10250,kubelet,/metrics/cadvisor,1369476784132faa4fc16e756286c0a9ad2ce6033df42b76dd979853df6bc951,apps,worker-nbg1-2,netido-saga-service-app-6b4bcc8b78-5s7xl,kube-prometheus-stack-kubelet,11081.547358
container_cpu_usage_seconds_total,netido-saga-service,total,https-metrics,/kubepods/besteffort/podd4514050-5e59-496c-8a8d-a67dabe647fe/cdc05d249d7052d539eb26f5ad26ed8b40db4e3e1504b873c75f4da981aecafc,registry.vivieb.it/netido/netido-saga-service:0.61.0-rc.194,10.0.1.100:10250,kubelet,/metrics/cadvisor,cdc05d249d7052d539eb26f5ad26ed8b40db4e3e1504b873c75f4da981aecafc,apps,worker-nbg1-1,netido-saga-service-app-6b4bcc8b78-4cprp,kube-prometheus-stack-kubelet,14037.081998
container_cpu_usage_seconds_total,netido-scheduler-service,total,https-metrics,/kubepods/besteffort/podd01fa78b-bacd-49fc-b7a2-1f6106e3d72f/ac806273903703f3623b4dd28cce9b62052c060fe95f586c6649c68634edf907,registry.vivieb.it/netido/netido-scheduler-service:0.12.0-rc.35,10.0.1.100:10250,kubelet,/metrics/cadvisor,ac806273903703f3623b4dd28cce9b62052c060fe95f586c6649c68634edf907,apps,worker-nbg1-1,netido-scheduler-service-app-dc54bdcb9-c2gm6,kube-prometheus-stack-kubelet,2220.168138
container_cpu_usage_seconds_total,netido-utility-service,total,https-metrics,/kubepods/besteffort/pod3cf66a32-6dee-4052-8d0d-c997a073b8bf/88000d4f5389b7739377a2bf6f3e79e64738a362c814561da166b95906220267,registry.vivieb.it/netido/netido-utility-service:0.16.0-rc.46,10.0.1.101:10250,kubelet,/metrics/cadvisor,88000d4f5389b7739377a2bf6f3e79e64738a362c814561da166b95906220267,apps,worker-nbg1-2,netido-utility-service-app-54674b5c84-n45xz,kube-prometheus-stack-kubelet,9157.657025
container_cpu_usage_seconds_total,node-exporter,total,https-metrics,/kubepods/besteffort/pod2f79f718-5d6a-4e8e-bfa4-5ee7bfac25ef/b15f664356dd705b3ae9c898e5795179655eae31096925bb8852d22d7fb06ad0,quay.io/prometheus/node-exporter:v1.5.0,10.0.1.100:10250,kubelet,/metrics/cadvisor,b15f664356dd705b3ae9c898e5795179655eae31096925bb8852d22d7fb06ad0,monitoring,worker-nbg1-1,kube-prometheus-stack-prometheus-node-exporter-ptnq5,kube-prometheus-stack-kubelet,22249.924498
container_cpu_usage_seconds_total,,total,https-metrics,/kubepods/besteffort/pod37e4deef-3281-4134-8ef2-f370cdb1f1aa/3a674ad6bc388ca456f4f23cf170aee27db460044763d08f88f2211287c98c7a,registry.k8s.io/pause:3.6,10.0.1.101:10250,kubelet,/metrics/cadvisor,3a674ad6bc388ca456f4f23cf170aee27db460044763d08f88f2211287c98c7a,kube-system,worker-nbg1-2,kube-proxy-txs8b,kube-prometheus-stack-kubelet,0.009477
container_cpu_usage_seconds_total,,total,https-metrics,/kubepods/besteffort/pod3cf66a32-6dee-4052-8d0d-c997a073b8bf,,10.0.1.101:10250,kubelet,/metrics/cadvisor,,apps,worker-nbg1-2,netido-utility-service-app-54674b5c84-n45xz,kube-prometheus-stack-kubelet,9157.69426
container_cpu_usage_seconds_total,,total,https-metrics,/kubepods/besteffort/pod3cf66a32-6dee-4052-8d0d-c997a073b8bf/9d6fecd22cb590a0ce258da98a7d5ed09bceea6bc1388eee2b15899db2ddc880,registry.k8s.io/pause:3.6,10.0.1.101:10250,kubelet,/metrics/cadvisor,9d6fecd22cb590a0ce258da98a7d5ed09bceea6bc1388eee2b15899db2ddc880,apps,worker-nbg1-2,netido-utility-service-app-54674b5c84-n45xz,kube-prometheus-stack-kubelet,0.033838
container_cpu_usage_seconds_total,,total,https-metrics,/kubepods/besteffort/pod3d6b0c46-17fe-4815-a392-f3c270d465ff,,10.0.1.101:10250,kubelet,/metrics/cadvisor,,apps,worker-nbg1-2,netido-privacy-service-app-849b667455-bwgns,kube-prometheus-stack-kubelet,11148.817795
container_cpu_usage_seconds_total,,total,https-metrics,/kubepods/besteffort/pod3d6b0c46-17fe-4815-a392-f3c270d465ff/956968a867f5918841c5d8a827c31177dc4a3f158145ce2366e356c291653856,registry.k8s.io/pause:3.6,10.0.1.101:10250,kubelet,/metrics/cadvisor,956968a867f5918841c5d8a827c31177dc4a3f158145ce2366e356c291653856,apps,worker-nbg1-2,netido-privacy-service-app-849b667455-bwgns,kube-prometheus-stack-kubelet,0.033511
container_cpu_usage_seconds_total,,total,https-metrics,/kubepods/besteffort/pod460e7834-9f56-4906-84e8-ba1f82048a31,,10.0.1.100:10250,kubelet,/metrics/cadvisor,,apps,worker-nbg1-1,netido-dms-service-app-5bb87bf99d-7hxqs,kube-prometheus-stack-kubelet,14207.521447
container_cpu_usage_seconds_total,,total,https-metrics,/kubepods/besteffort/pod460e7834-9f56-4906-84e8-ba1f82048a31/d564e6edf4de51212344ba4c7629f3e1024a95ddf17dc16117d56c44a679b11f,registry.k8s.io/pause:3.6,10.0.1.100:10250,kubelet,/metrics/cadvisor,d564e6edf4de51212344ba4c7629f3e1024a95ddf17dc16117d56c44a679b11f,apps,worker-nbg1-1,netido-dms-service-app-5bb87bf99d-7hxqs,kube-prometheus-stack-kubelet,0.033788
container_cpu_usage_seconds_total,,total,https-metrics,/kubepods/besteffort/pod585fa039-efe9-4c6e-9410-1a02f724ae3b,,10.0.1.100:10250,kubelet,/metrics/cadvisor,,apps,worker-nbg1-1,netido-annotation-service-app-74889bd865-4cdfm,kube-prometheus-stack-kubelet,13896.036263
container_cpu_usage_seconds_total,,total,https-metrics,/kubepods/besteffort/pod585fa039-efe9-4c6e-9410-1a02f724ae3b/e4e5f64a1bb6f2b3ea24cf9e734877ab4f4200144fcc2a388e0173c609016cca,registry.k8s.io/pause:3.6,10.0.1.100:10250,kubelet,/metrics/cadvisor,e4e5f64a1bb6f2b3ea24cf9e734877ab4f4200144fcc2a388e0173c609016cca,apps,worker-nbg1-1,netido-annotation-service-app-74889bd865-4cdfm,kube-prometheus-stack-kubelet,0.05031
container_cpu_usage_seconds_total,,total,https-metrics,/kubepods/besteffort/pod5f564b96-dbf5-4f43-b588-a647b47d1c52,,10.0.1.101:10250,kubelet,/metrics/cadvisor,,apps,worker-nbg1-2,cer-plus-affiliazione-frontend-app-585cc59fd-jtw98,kube-prometheus-stack-kubelet,2745.757693
container_cpu_usage_seconds_total,,total,https-metrics,/kubepods/besteffort/pod5f564b96-dbf5-4f43-b588-a647b47d1c52/bc86a9ad9da559c687fe26a2fe742b1e2786b5c313225ac54765d09da9ca766a,registry.k8s.io/pause:3.6,10.0.1.101:10250,kubelet,/metrics/cadvisor,bc86a9ad9da559c687fe26a2fe742b1e2786b5c313225ac54765d09da9ca766a,apps,worker-nbg1-2,cer-plus-affiliazione-frontend-app-585cc59fd-jtw98,kube-prometheus-stack-kubelet,0.027915
container_cpu_usage_seconds_total,,total,https-metrics,/kubepods/besteffort/pod5f7bc06e-4edf-4972-9020-d0470ca18488,,10.0.1.100:10250,kubelet,/metrics/cadvisor,,apps,worker-nbg1-1,cer-plus-service-app-fcd4465bd-nfkkh,kube-prometheus-stack-kubelet,2632.302933
container_cpu_usage_seconds_total,,total,https-metrics,/kubepods/besteffort/pod5f7bc06e-4edf-4972-9020-d0470ca18488/3f7cd7f6585aa99bf6ac734c33322d6de3dbdcb87a92fa479ed7bc4bcaad02cb,registry.k8s.io/pause:3.6,10.0.1.100:10250,kubelet,/metrics/cadvisor,3f7cd7f6585aa99bf6ac734c33322d6de3dbdcb87a92fa479ed7bc4bcaad02cb,apps,worker-nbg1-1,cer-plus-service-app-fcd4465bd-nfkkh,kube-prometheus-stack-kubelet,0.06813
container_cpu_usage_seconds_total,,total,https-metrics,/kubepods/besteffort/pod6a5c1806-a3d2-4265-9044-f3380e288a68,,10.0.1.50:10250,kubelet,/metrics/cadvisor,,kube-system,controlplane-nbg1-1,hcloud-csi-node-lvhlt,kube-prometheus-stack-kubelet,3610.823894
container_cpu_usage_seconds_total,,total,https-metrics,/kubepods/besteffort/pod6a5c1806-a3d2-4265-9044-f3380e288a68/fb10688d1bb4e1cdcf45beadf064714c19dde5a32bbb77b0244007c4d65deffd,registry.k8s.io/pause:3.6,10.0.1.50:10250,kubelet,/metrics/cadvisor,fb10688d1bb4e1cdcf45beadf064714c19dde5a32bbb77b0244007c4d65deffd,kube-system,controlplane-nbg1-1,hcloud-csi-node-lvhlt,kube-prometheus-stack-kubelet,0.009219
container_cpu_usage_seconds_total,,total,https-metrics,/kubepods/besteffort/pod898a32be-1ff5-42cb-a089-7902e999fe9e,,10.0.1.101:10250,kubelet,/metrics/cadvisor,,apps,worker-nbg1-2,cer-plus-member-frontend-app-56ddccc764-p4s8d,kube-prometheus-stack-kubelet,1985.932209
container_cpu_usage_seconds_total,,total,https-metrics,/kubepods/besteffort/pod898a32be-1ff5-42cb-a089-7902e999fe9e/a5d11dab67ea656f7497241b32d2a03192d114d8b65b83a54cb48353492ab97f,registry.k8s.io/pause:3.6,10.0.1.101:10250,kubelet,/metrics/cadvisor,a5d11dab67ea656f7497241b32d2a03192d114d8b65b83a54cb48353492ab97f,apps,worker-nbg1-2,cer-plus-member-frontend-app-56ddccc764-p4s8d,kube-prometheus-stack-kubelet,0.029415
container_cpu_usage_seconds_total,,total,https-metrics,/kubepods/besteffort/pod8ae88416-2d40-4be8-89c1-66a26aca3b63,,10.0.1.101:10250,kubelet,/metrics/cadvisor,,apps,worker-nbg1-2,cer-plus-service-app-fcd4465bd-ztks7,kube-prometheus-stack-kubelet,2011.337406
container_cpu_usage_seconds_total,,total,https-metrics,/kubepods/besteffort/pod8ae88416-2d40-4be8-89c1-66a26aca3b63/233e39f4b5c6a4568ef8ab65e2b98313b491284b7ccdd9f918f6d3805df9ae64,registry.k8s.io/pause:3.6,10.0.1.101:10250,kubelet,/metrics/cadvisor,233e39f4b5c6a4568ef8ab65e2b98313b491284b7ccdd9f918f6d3805df9ae64,apps,worker-nbg1-2,cer-plus-service-app-fcd4465bd-ztks7,kube-prometheus-stack-kubelet,0.03409
container_cpu_usage_seconds_total,,total,https-metrics,/kubepods/poddec1c9da-b661-4ced-85ca-f8582b14edd4/ed8b470b55899aa3d1e475fe22972743708248b99df489725dc51d137460cb99,registry.k8s.io/pause:3.6,10.0.1.101:10250,kubelet,/metrics/cadvisor,ed8b470b55899aa3d1e475fe22972743708248b99df489725dc51d137460cb99,elastic,worker-nbg1-2,elasticsearch-es-master-0,kube-prometheus-stack-kubelet,0.032837
