__name__,container,created_by_kind,created_by_name,endpoint,host_ip,host_network,instance,job,namespace,node,pod,pod_ip,service,uid,value,priority_class
kube_pod_info,kube-state-metrics,DaemonSet,apps-logging-fluentbit,http,10.0.1.100,false,10.244.1.67:8080,kube-state-metrics,logging,worker-nbg1-1,apps-logging-fluentbit-s5xmm,10.244.2.46,kube-prometheus-stack-kube-state-metrics,9421b13d-0f2c-44cc-a0a4-9f6fcb55b3a8,1,
kube_pod_info,kube-state-metrics,DaemonSet,apps-logging-fluentbit,http,10.0.1.101,false,10.244.1.67:8080,kube-state-metrics,logging,worker-nbg1-2,apps-logging-fluentbit-vb5rx,10.244.0.91,kube-prometheus-stack-kube-state-metrics,07513eda-a4ce-4ce2-9d7f-02173e7d75cc,1,
kube_pod_info,kube-state-metrics,DaemonSet,apps-logging-fluentbit,http,10.0.1.50,false,10.244.1.67:8080,kube-state-metrics,logging,controlplane-nbg1-1,apps-logging-fluentbit-76kmc,10.244.1.103,kube-prometheus-stack-kube-state-metrics,29421749-6678-4d24-9899-db3236b7ef87,1,
kube_pod_info,kube-state-metrics,DaemonSet,hcloud-csi-node,http,10.0.1.100,false,10.244.1.67:8080,kube-state-metrics,kube-system,worker-nbg1-1,hcloud-csi-node-8xhhp,10.244.2.47,kube-prometheus-stack-kube-state-metrics,f8a16034-11f7-4893-8011-44bd53f344df,1,
kube_pod_info,kube-state-metrics,DaemonSet,hcloud-csi-node,http,10.0.1.101,false,10.244.1.67:8080,kube-state-metrics,kube-system,worker-nbg1-2,hcloud-csi-node-79k96,10.244.0.85,kube-prometheus-stack-kube-state-metrics,1cc50115-90d6-4d2f-aaef-9b29fb796c0e,1,
kube_pod_info,kube-state-metrics,DaemonSet,hcloud-csi-node,http,10.0.1.50,false,10.244.1.67:8080,kube-state-metrics,kube-system,controlplane-nbg1-1,hcloud-csi-node-lvhlt,10.244.1.62,kube-prometheus-stack-kube-state-metrics,6a5c1806-a3d2-4265-9044-f3380e288a68,1,
kube_pod_info,kube-state-metrics,DaemonSet,kube-flannel,http,10.0.1.100,true,10.244.1.67:8080,kube-state-metrics,kube-system,worker-nbg1-1,kube-flannel-lgxb6,10.0.1.100,kube-prometheus-stack-kube-state-metrics,ea0de412-1a10-4ed2-a970-95703f4eb77a,1,system-node-critical
kube_pod_info,kube-state-metrics,DaemonSet,kube-flannel,http,10.0.1.101,true,10.244.1.67:8080,kube-state-metrics,kube-system,worker-nbg1-2,kube-flannel-gpvbr,10.0.1.101,kube-prometheus-stack-kube-state-metrics,5f39c2c6-f9df-4d9a-8b78-327f558d31df,1,system-node-critical
kube_pod_info,kube-state-metrics,DaemonSet,kube-flannel,http,10.0.1.50,true,10.244.1.67:8080,kube-state-metrics,kube-system,controlplane-nbg1-1,kube-flannel-qs259,10.0.1.50,kube-prometheus-stack-kube-state-metrics,a7539910-7e52-4d26-a9b5-178436a8aeb3,1,system-node-critical
kube_pod_info,kube-state-metrics,DaemonSet,kube-prometheus-stack-prometheus-node-exporter,http,10.0.1.100,true,10.244.1.67:8080,kube-state-metrics,monitoring,worker-nbg1-1,kube-prometheus-stack-prometheus-node-exporter-ptnq5,10.0.1.100,kube-prometheus-stack-kube-state-metrics,2f79f718-5d6a-4e8e-bfa4-5ee7bfac25ef,1,
kube_pod_info,kube-state-metrics,DaemonSet,kube-prometheus-stack-prometheus-node-exporter,http,10.0.1.101,true,10.244.1.67:8080,kube-state-metrics,monitoring,worker-nbg1-2,kube-prometheus-stack-prometheus-node-exporter-5xnll,10.0.1.101,kube-prometheus-stack-kube-state-metrics,a781cec7-8233-4632-94c3-f7eaf3b6e5b6,1,
kube_pod_info,kube-state-metrics,DaemonSet,kube-prometheus-stack-prometheus-node-exporter,http,10.0.1.50,true,10.244.1.67:8080,kube-state-metrics,monitoring,controlplane-nbg1-1,kube-prometheus-stack-prometheus-node-exporter-mq5n9,10.0.1.50,kube-prometheus-stack-kube-state-metrics,8e5fdb90-c78d-4eab-bd7a-c1dc6466525f,1,
kube_pod_info,kube-state-metrics,DaemonSet,kube-proxy,http,10.0.1.100,true,10.244.1.67:8080,kube-state-metrics,kube-system,worker-nbg1-1,kube-proxy-kpbbm,10.0.1.100,kube-prometheus-stack-kube-state-metrics,e47cea88-5b6c-40e2-bf7a-120f0511ce1c,1,system-cluster-critical
kube_pod_info,kube-state-metrics,DaemonSet,kube-proxy,http,10.0.1.101,true,10.244.1.67:8080,kube-state-metrics,kube-system,worker-nbg1-2,kube-proxy-txs8b,10.0.1.101,kube-prometheus-stack-kube-state-metrics,37e4deef-3281-4134-8ef2-f370cdb1f1aa,1,system-cluster-critical
kube_pod_info,kube-state-metrics,DaemonSet,kube-proxy,http,10.0.1.50,true,10.244.1.67:8080,kube-state-metrics,kube-system,controlplane-nbg1-1,kube-proxy-rnrpn,10.0.1.50,kube-prometheus-stack-kube-state-metrics,e81ab008-285e-404c-8d9a-0009d1e6e427,1,system-cluster-critical
kube_pod_info,kube-state-metrics,Node,controlplane-nbg1-1,http,10.0.1.50,true,10.244.1.67:8080,kube-state-metrics,kube-system,controlplane-nbg1-1,kube-apiserver-controlplane-nbg1-1,10.0.1.50,kube-prometheus-stack-kube-state-metrics,c4245c78-8a09-4382-b4fb-60ba6dce2430,1,system-cluster-critical
kube_pod_info,kube-state-metrics,Node,controlplane-nbg1-1,http,10.0.1.50,true,10.244.1.67:8080,kube-state-metrics,kube-system,controlplane-nbg1-1,kube-controller-manager-controlplane-nbg1-1,10.0.1.50,kube-prometheus-stack-kube-state-metrics,46a0ec72-229a-41d5-ac69-3862af80a277,1,system-cluster-critical
kube_pod_info,kube-state-metrics,Node,controlplane-nbg1-1,http,10.0.1.50,true,10.244.1.67:8080,kube-state-metrics,kube-system,controlplane-nbg1-1,kube-scheduler-controlplane-nbg1-1,10.0.1.50,kube-prometheus-stack-kube-state-metrics,86aed4b0-d9d3-4ce2-a71c-27e1e1383035,1,system-cluster-critical
kube_pod_info,kube-state-metrics,ReplicaSet,cer-plus-affiliazione-frontend-app-585cc59fd,http,10.0.1.100,false,10.244.1.67:8080,kube-state-metrics,apps,worker-nbg1-1,cer-plus-affiliazione-frontend-app-585cc59fd-2vhcc,10.244.2.89,kube-prometheus-stack-kube-state-metrics,28c4cdec-b506-436a-acb7-cc7b4d5e4782,1,
kube_pod_info,kube-state-metrics,ReplicaSet,cer-plus-affiliazione-frontend-app-585cc59fd,http,10.0.1.101,false,10.244.1.67:8080,kube-state-metrics,apps,worker-nbg1-2,cer-plus-affiliazione-frontend-app-585cc59fd-jtw98,10.244.0.129,kube-prometheus-stack-kube-state-metrics,5f564b96-dbf5-4f43-b588-a647b47d1c52,1,
kube_pod_info,kube-state-metrics,ReplicaSet,cer-plus-member-frontend-app-56ddccc764,http,10.0.1.100,false,10.244.1.67:8080,kube-state-metrics,apps,worker-nbg1-1,cer-plus-member-frontend-app-56ddccc764-bvkns,10.244.2.150,kube-prometheus-stack-kube-state-metrics,a4cae5f5-645e-41e5-bbaf-94906e4be116,1,
kube_pod_info,kube-state-metrics,ReplicaSet,cer-plus-member-frontend-app-56ddccc764,http,10.0.1.101,false,10.244.1.67:8080,kube-state-metrics,apps,worker-nbg1-2,cer-plus-member-frontend-app-56ddccc764-p4s8d,10.244.0.172,kube-prometheus-stack-kube-state-metrics,898a32be-1ff5-42cb-a089-7902e999fe9e,1,
kube_pod_info,kube-state-metrics,ReplicaSet,cer-plus-operator-frontend-app-74c48587bb,http,10.0.1.100,false,10.244.1.67:8080,kube-state-metrics,apps,worker-nbg1-1,cer-plus-operator-frontend-app-74c48587bb-tpn7x,10.244.2.151,kube-prometheus-stack-kube-state-metrics,00e68ea7-9e98-4a23-83e7-097403a96d2b,1,
kube_pod_info,kube-state-metrics,ReplicaSet,cer-plus-operator-frontend-app-74c48587bb,http,10.0.1.101,false,10.244.1.67:8080,kube-state-metrics,apps,worker-nbg1-2,cer-plus-operator-frontend-app-74c48587bb-5lldp,10.244.0.173,kube-prometheus-stack-kube-state-metrics,f427b53b-723e-4180-91fb-21624d7acd1e,1,
kube_pod_info,kube-state-metrics,ReplicaSet,cer-plus-schedulers-app-786984d5db,http,10.0.1.100,false,10.244.1.67:8080,kube-state-metrics,apps,worker-nbg1-1,cer-plus-schedulers-app-786984d5db-fk8dz,10.244.2.160,kube-prometheus-stack-kube-state-metrics,253e7f96-e258-4d2c-bd33-a0a66743a0ea,1,
kube_pod_info,kube-state-metrics,ReplicaSet,cer-plus-schedulers-app-786984d5db,http,10.0.1.101,false,10.244.1.67:8080,kube-state-metrics,apps,worker-nbg1-2,cer-plus-schedulers-app-786984d5db-hqmz4,10.244.0.178,kube-prometheus-stack-kube-state-metrics,35a1eff0-e088-493c-b009-200816a452c2,1,
kube_pod_info,kube-state-metrics,ReplicaSet,cer-plus-service-app-fcd4465bd,http,10.0.1.100,false,10.244.1.67:8080,kube-state-metrics,apps,worker-nbg1-1,cer-plus-service-app-fcd4465bd-nfkkh,10.244.2.161,kube-prometheus-stack-kube-state-metrics,5f7bc06e-4edf-4972-9020-d0470ca18488,1,
kube_pod_info,kube-state-metrics,ReplicaSet,cer-plus-service-app-fcd4465bd,http,10.0.1.101,false,10.244.1.67:8080,kube-state-metrics,apps,worker-nbg1-2,cer-plus-service-app-fcd4465bd-ztks7,10.244.0.179,kube-prometheus-stack-kube-state-metrics,8ae88416-2d40-4be8-89c1-66a26aca3b63,1,
kube_pod_info,kube-state-metrics,ReplicaSet,cert-manager-8db45d64b,http,10.0.1.100,false,10.244.1.67:8080,kube-state-metrics,cert-manager,worker-nbg1-1,cert-manager-8db45d64b-jxlrs,10.244.2.96,kube-prometheus-stack-kube-state-metrics,ee06d271-f11c-453f-9f68-99007c57a7c2,1,
kube_pod_info,kube-state-metrics,ReplicaSet,cert-manager-cainjector-5c8d6f6646,http,10.0.1.101,false,10.244.1.67:8080,kube-state-metrics,cert-manager,worker-nbg1-2,cert-manager-cainjector-5c8d6f6646-92txb,10.244.0.133,kube-prometheus-stack-kube-state-metrics,e8d73c2b-3bbc-4ba8-87ba-86a88dde19f0,1,
kube_pod_info,kube-state-metrics,ReplicaSet,cert-manager-webhook-7c7d969c76,http,10.0.1.101,false,10.244.1.67:8080,kube-state-metrics,cert-manager,worker-nbg1-2,cert-manager-webhook-7c7d969c76-czltk,10.244.0.134,kube-prometheus-stack-kube-state-metrics,2b81580c-f4d2-4c14-8ab0-01eec7395426,1,
kube_pod_info,kube-state-metrics,ReplicaSet,coredns-d779cc7ff,http,10.0.1.50,false,10.244.1.67:8080,kube-state-metrics,kube-system,controlplane-nbg1-1,coredns-d779cc7ff-rb4kt,10.244.1.71,kube-prometheus-stack-kube-state-metrics,1e6e2c59-172e-4b2f-9211-de5bb60eccdf,1,system-cluster-critical
kube_pod_info,kube-state-metrics,ReplicaSet,coredns-d779cc7ff,http,10.0.1.50,false,10.244.1.67:8080,kube-state-metrics,kube-system,controlplane-nbg1-1,coredns-d779cc7ff-spxvm,10.244.1.98,kube-prometheus-stack-kube-state-metrics,83c4c2b1-4c90-4c02-a7fa-6a223c9f097c,1,system-cluster-critical
kube_pod_info,kube-state-metrics,ReplicaSet,hcloud-cloud-controller-manager-69c646bcb4,http,10.0.1.50,true,10.244.1.67:8080,kube-state-metrics,kube-system,controlplane-nbg1-1,hcloud-cloud-controller-manager-69c646bcb4-f42gx,10.0.1.50,kube-prometheus-stack-kube-state-metrics,4ec1d904-a9ef-462f-910c-9108e62a4deb,1,system-cluster-critical
kube_pod_info,kube-state-metrics,ReplicaSet,hcloud-csi-controller-76b94f8979,http,10.0.1.50,false,10.244.1.67:8080,kube-state-metrics,kube-system,controlplane-nbg1-1,hcloud-csi-controller-76b94f8979-mn6jt,10.244.1.110,kube-prometheus-stack-kube-state-metrics,a8805515-7c88-4125-9205-095c9bba84a5,1,
kube_pod_info,kube-state-metrics,ReplicaSet,helm-controller-7cbfc44f88,http,10.0.1.50,false,10.244.1.67:8080,kube-state-metrics,flux-system,controlplane-nbg1-1,helm-controller-7cbfc44f88-zjkzp,10.244.1.92,kube-prometheus-stack-kube-state-metrics,1717759e-0c8b-4f3d-a94a-61d1954cfe0c,1,
kube_pod_info,kube-state-metrics,ReplicaSet,image-automation-controller-679b595d96,http,10.0.1.50,false,10.244.1.67:8080,kube-state-metrics,flux-system,controlplane-nbg1-1,image-automation-controller-679b595d96-mrbgj,10.244.1.65,kube-prometheus-stack-kube-state-metrics,f2a3ee96-524a-41a0-a758-c63bff13719c,1,
kube_pod_info,kube-state-metrics,ReplicaSet,image-reflector-controller-9b7d45fc5,http,10.0.1.101,false,10.244.1.67:8080,kube-state-metrics,flux-system,worker-nbg1-2,image-reflector-controller-9b7d45fc5-lzzqw,10.244.0.108,kube-prometheus-stack-kube-state-metrics,b988c40b-d18f-49cf-aa36-6c27f74e5caf,1,
kube_pod_info,kube-state-metrics,ReplicaSet,image-reflector-controller-9b7d45fc5,http,10.0.1.50,false,10.244.1.67:8080,kube-state-metrics,flux-system,controlplane-nbg1-1,image-reflector-controller-9b7d45fc5-rhpsj,10.244.1.42,kube-prometheus-stack-kube-state-metrics,cc0431ab-213d-4801-acc2-6e737a9ae67f,1,
kube_pod_info,kube-state-metrics,ReplicaSet,ingress-nginx-controller-748b9689bf,http,10.0.1.100,false,10.244.1.67:8080,kube-state-metrics,ingress-nginx,worker-nbg1-1,ingress-nginx-controller-748b9689bf-2kkt2,10.244.2.158,kube-prometheus-stack-kube-state-metrics,2ab3c8a8-f548-4d20-9ec8-9da7f7b12f3f,1,
kube_pod_info,kube-state-metrics,ReplicaSet,ingress-nginx-controller-748b9689bf,http,10.0.1.101,false,10.244.1.67:8080,kube-state-metrics,ingress-nginx,worker-nbg1-2,ingress-nginx-controller-748b9689bf-2hbpr,10.244.0.177,kube-prometheus-stack-kube-state-metrics,655907a0-2927-4080-a885-a009c8beede8,1,
kube_pod_info,kube-state-metrics,ReplicaSet,kibana-kb-6644dcd7b6,http,10.0.1.50,false,10.244.1.67:8080,kube-state-metrics,elastic,controlplane-nbg1-1,kibana-kb-6644dcd7b6-v8d4m,10.244.1.113,kube-prometheus-stack-kube-state-metrics,c15452d8-7c1d-46cd-b076-ab2ec9a18d23,1,
kube_pod_info,kube-state-metrics,ReplicaSet,kube-prometheus-stack-grafana-6b47849ddb,http,10.0.1.50,false,10.244.1.67:8080,kube-state-metrics,monitoring,controlplane-nbg1-1,kube-prometheus-stack-grafana-6b47849ddb-d5r4r,10.244.1.104,kube-prometheus-stack-kube-state-metrics,d9e0431f-259e-475d-ac33-d76663d307a1,1,
kube_pod_info,kube-state-metrics,ReplicaSet,kube-prometheus-stack-kube-state-metrics-7dff96c957,http,10.0.1.50,false,10.244.1.67:8080,kube-state-metrics,monitoring,controlplane-nbg1-1,kube-prometheus-stack-kube-state-metrics-7dff96c957-ddncs,10.244.1.67,kube-prometheus-stack-kube-state-metrics,ea4d32bd-30ef-4ad6-8441-2b115e1e70fb,1,
kube_pod_info,kube-state-metrics,ReplicaSet,kube-prometheus-stack-operator-6cbc867d96,http,10.0.1.50,false,10.244.1.67:8080,kube-state-metrics,monitoring,controlplane-nbg1-1,kube-prometheus-stack-operator-6cbc867d96-pzhff,10.244.1.109,kube-prometheus-stack-kube-state-metrics,a5dc1882-771f-4696-9f70-9cef7472eef4,1,
kube_pod_info,kube-state-metrics,ReplicaSet,kubelet-serving-cert-approver-7ddfd4469b,http,10.0.1.50,false,10.244.1.67:8080,kube-state-metrics,kubelet-serving-cert-approver,controlplane-nbg1-1,kubelet-serving-cert-approver-7ddfd4469b-9zq6m,10.244.1.82,kube-prometheus-stack-kube-state-metrics,57c42790-9587-4e25-b37d-73aa5d71ea51,1,system-cluster-critical
kube_pod_info,kube-state-metrics,ReplicaSet,kustomize-controller-76dd89c9d4,http,10.0.1.50,false,10.244.1.67:8080,kube-state-metrics,flux-system,controlplane-nbg1-1,kustomize-controller-76dd89c9d4-slpht,10.244.1.80,kube-prometheus-stack-kube-state-metrics,f02b1657-a4fe-4fe5-92d7-484fffb0cb50,1,
kube_pod_info,kube-state-metrics,ReplicaSet,logging-operator-6bcd5875cd,http,10.0.1.50,false,10.244.1.67:8080,kube-state-metrics,logging,controlplane-nbg1-1,logging-operator-6bcd5875cd-mwhbq,10.244.1.66,kube-prometheus-stack-kube-state-metrics,d2a30460-7152-4c07-8ae9-eb86767ca39d,1,
kube_pod_info,kube-state-metrics,ReplicaSet,metrics-server-5d875656f5,http,10.0.1.50,false,10.244.1.67:8080,kube-state-metrics,kube-system,controlplane-nbg1-1,metrics-server-5d875656f5-pp4gs,10.244.1.112,kube-prometheus-stack-kube-state-metrics,1ea7cb6d-fb44-44e5-9743-74ea1033efc2,1,system-cluster-critical
kube_pod_info,kube-state-metrics,ReplicaSet,netido-annotation-service-app-74889bd865,http,10.0.1.100,false,10.244.1.67:8080,kube-state-metrics,apps,worker-nbg1-1,netido-annotation-service-app-74889bd865-4cdfm,10.244.2.86,kube-prometheus-stack-kube-state-metrics,585fa039-efe9-4c6e-9410-1a02f724ae3b,1,
kube_pod_info,kube-state-metrics,ReplicaSet,netido-annotation-service-app-74889bd865,http,10.0.1.101,false,10.244.1.67:8080,kube-state-metrics,apps,worker-nbg1-2,netido-annotation-service-app-74889bd865-mwxhm,10.244.0.125,kube-prometheus-stack-kube-state-metrics,f08a2eea-10b4-42b4-9f0b-f7b4f6ae329a,1,
kube_pod_info,kube-state-metrics,ReplicaSet,netido-audit-trails-registry-service-app-857cfb4c48,http,10.0.1.100,false,10.244.1.67:8080,kube-state-metrics,apps,worker-nbg1-1,netido-audit-trails-registry-service-app-857cfb4c48-mvsl6,10.244.2.88,kube-prometheus-stack-kube-state-metrics,ef954adf-efa6-4409-bad8-49b2a1bfedd9,1,
kube_pod_info,kube-state-metrics,ReplicaSet,netido-audit-trails-registry-service-app-857cfb4c48,http,10.0.1.101,false,10.244.1.67:8080,kube-state-metrics,apps,worker-nbg1-2,netido-audit-trails-registry-service-app-857cfb4c48-4p747,10.244.0.124,kube-prometheus-stack-kube-state-metrics,e37daa66-ce64-42db-9c5b-874af4db05c8,1,
kube_pod_info,kube-state-metrics,ReplicaSet,netido-counter-service-app-6d64dc5959,http,10.0.1.100,false,10.244.1.67:8080,kube-state-metrics,apps,worker-nbg1-1,netido-counter-service-app-6d64dc5959-dll2h,10.244.2.85,kube-prometheus-stack-kube-state-metrics,0d9463b3-8b9d-42ac-a2bb-04743d0837f3,1,
kube_pod_info,kube-state-metrics,ReplicaSet,netido-counter-service-app-6d64dc5959,http,10.0.1.101,false,10.244.1.67:8080,kube-state-metrics,apps,worker-nbg1-2,netido-counter-service-app-6d64dc5959-dnw4j,10.244.0.122,kube-prometheus-stack-kube-state-metrics,db412956-d904-45ba-ba69-bbca8fdbf52b,1,
kube_pod_info,kube-state-metrics,ReplicaSet,netido-dms-service-app-5bb87bf99d,http,10.0.1.100,false,10.244.1.67:8080,kube-state-metrics,apps,worker-nbg1-1,netido-dms-service-app-5bb87bf99d-7hxqs,10.244.2.84,kube-prometheus-stack-kube-state-metrics,460e7834-9f56-4906-84e8-ba1f82048a31,1,
kube_pod_info,kube-state-metrics,ReplicaSet,netido-dms-service-app-5bb87bf99d,http,10.0.1.101,false,10.244.1.67:8080,kube-state-metrics,apps,worker-nbg1-2,netido-dms-service-app-5bb87bf99d-dgs8f,10.244.0.120,kube-prometheus-stack-kube-state-metrics,c4bbc04f-2e87-44f9-b8e3-974ec2808a7b,1,
kube_pod_info,kube-state-metrics,ReplicaSet,netido-emailing-service-app-68f78d57bd,http,10.0.1.100,false,10.244.1.67:8080,kube-state-metrics,apps,worker-nbg1-1,netido-emailing-service-app-68f78d57bd-zgntn,10.244.2.83,kube-prometheus-stack-kube-state-metrics,15a71cfc-c7b0-406a-9ed3-3a230bf17460,1,
kube_pod_info,kube-state-metrics,ReplicaSet,netido-emailing-service-app-68f78d57bd,http,10.0.1.101,false,10.244.1.67:8080,kube-state-metrics,apps,worker-nbg1-2,netido-emailing-service-app-68f78d57bd-9hs2n,10.244.0.121,kube-prometheus-stack-kube-state-metrics,026e1d5b-7cfd-4a3b-a363-9bbb6d5b5659,1,
kube_pod_info,kube-state-metrics,ReplicaSet,netido-gql-gateway-app-875576655,http,10.0.1.100,false,10.244.1.67:8080,kube-state-metrics,apps,worker-nbg1-1,netido-gql-gateway-app-875576655-lhbx6,10.244.2.93,kube-prometheus-stack-kube-state-metrics,32708cc3-67a7-423a-9624-3d06fd49df9e,1,
kube_pod_info,kube-state-metrics,ReplicaSet,netido-gql-gateway-app-875576655,http,10.0.1.101,false,10.244.1.67:8080,kube-state-metrics,apps,worker-nbg1-2,netido-gql-gateway-app-875576655-t7nvg,10.244.0.130,kube-prometheus-stack-kube-state-metrics,b9ec7291-054f-4141-9128-ff82f818570a,1,
kube_pod_info,kube-state-metrics,ReplicaSet,netido-gql-registry-app-6c9d666cd7,http,10.0.1.100,false,10.244.1.67:8080,kube-state-metrics,apps,worker-nbg1-1,netido-gql-registry-app-6c9d666cd7-bjhpb,10.244.2.77,kube-prometheus-stack-kube-state-metrics,a8f1a004-40a9-42f5-9206-9169f0b5a1cd,1,
kube_pod_info,kube-state-metrics,ReplicaSet,netido-internationalization-service-app-6644cc7bf7,http,10.0.1.100,false,10.244.1.67:8080,kube-state-metrics,apps,worker-nbg1-1,netido-internationalization-service-app-6644cc7bf7-qdhdk,10.244.2.81,kube-prometheus-stack-kube-state-metrics,fc3a1604-2c80-4823-89c1-961d7b7e3659,1,
kube_pod_info,kube-state-metrics,ReplicaSet,netido-internationalization-service-app-6644cc7bf7,http,10.0.1.101,false,10.244.1.67:8080,kube-state-metrics,apps,worker-nbg1-2,netido-internationalization-service-app-6644cc7bf7-hmggf,10.244.0.115,kube-prometheus-stack-kube-state-metrics,a7286306-6f55-4050-aa88-885e39eb028b,1,
kube_pod_info,kube-state-metrics,ReplicaSet,netido-notification-service-app-57ff8f7d59,http,10.0.1.100,false,10.244.1.67:8080,kube-state-metrics,apps,worker-nbg1-1,netido-notification-service-app-57ff8f7d59-vm8n6,10.244.2.82,kube-prometheus-stack-kube-state-metrics,237ac18a-e9fc-492e-97ea-2aef104005fe,1,
kube_pod_info,kube-state-metrics,ReplicaSet,netido-notification-service-app-57ff8f7d59,http,10.0.1.101,false,10.244.1.67:8080,kube-state-metrics,apps,worker-nbg1-2,netido-notification-service-app-57ff8f7d59-8bbwt,10.244.0.116,kube-prometheus-stack-kube-state-metrics,8d1c2704-0497-4dbf-ac11-1af564105c68,1,
kube_pod_info,kube-state-metrics,ReplicaSet,netido-privacy-service-app-849b667455,http,10.0.1.100,false,10.244.1.67:8080,kube-state-metrics,apps,worker-nbg1-1,netido-privacy-service-app-849b667455-nzwfh,10.244.2.79,kube-prometheus-stack-kube-state-metrics,da58ebe1-3748-4480-8d16-5e0754217aa3,1,
kube_pod_info,kube-state-metrics,ReplicaSet,netido-privacy-service-app-849b667455,http,10.0.1.101,false,10.244.1.67:8080,kube-state-metrics,apps,worker-nbg1-2,netido-privacy-service-app-849b667455-bwgns,10.244.0.118,kube-prometheus-stack-kube-state-metrics,3d6b0c46-17fe-4815-a392-f3c270d465ff,1,
kube_pod_info,kube-state-metrics,ReplicaSet,netido-saga-service-app-6b4bcc8b78,http,10.0.1.100,false,10.244.1.67:8080,kube-state-metrics,apps,worker-nbg1-1,netido-saga-service-app-6b4bcc8b78-4cprp,10.244.2.80,kube-prometheus-stack-kube-state-metrics,d4514050-5e59-496c-8a8d-a67dabe647fe,1,
kube_pod_info,kube-state-metrics,ReplicaSet,netido-saga-service-app-6b4bcc8b78,http,10.0.1.101,false,10.244.1.67:8080,kube-state-metrics,apps,worker-nbg1-2,netido-saga-service-app-6b4bcc8b78-5s7xl,10.244.0.119,kube-prometheus-stack-kube-state-metrics,a08cb29d-9f37-4457-bb11-c34258c36653,1,
kube_pod_info,kube-state-metrics,ReplicaSet,netido-scheduler-service-app-dc54bdcb9,http,10.0.1.100,false,10.244.1.67:8080,kube-state-metrics,apps,worker-nbg1-1,netido-scheduler-service-app-dc54bdcb9-c2gm6,10.244.2.149,kube-prometheus-stack-kube-state-metrics,d01fa78b-bacd-49fc-b7a2-1f6106e3d72f,1,
kube_pod_info,kube-state-metrics,ReplicaSet,netido-utility-service-app-54674b5c84,http,10.0.1.101,false,10.244.1.67:8080,kube-state-metrics,apps,worker-nbg1-2,netido-utility-service-app-54674b5c84-n45xz,10.244.0.117,kube-prometheus-stack-kube-state-metrics,3cf66a32-6dee-4052-8d0d-c997a073b8bf,1,
kube_pod_info,kube-state-metrics,ReplicaSet,notification-controller-86d886486b,http,10.0.1.50,false,10.244.1.67:8080,kube-state-metrics,flux-system,controlplane-nbg1-1,notification-controller-86d886486b-68zhs,10.244.1.61,kube-prometheus-stack-kube-state-metrics,9e171e01-432a-4fc4-bb6b-1efa233c6434,1,
kube_pod_info,kube-state-metrics,ReplicaSet,redis-master-7847cf875,http,10.0.1.50,false,10.244.1.67:8080,kube-state-metrics,redis,controlplane-nbg1-1,redis-master-7847cf875-xgrdm,10.244.1.79,kube-prometheus-stack-kube-state-metrics,ea7ebb41-eace-4961-a72d-8059ded03eb3,1,
kube_pod_info,kube-state-metrics,ReplicaSet,sealed-secrets-668676cb45,http,10.0.1.50,false,10.244.1.67:8080,kube-state-metrics,sealed-secrets,controlplane-nbg1-1,sealed-secrets-668676cb45-bvsdv,10.244.1.102,kube-prometheus-stack-kube-state-metrics,8cbb9fb6-d8d9-4716-85b6-a02bb0e2b9d7,1,
kube_pod_info,kube-state-metrics,ReplicaSet,source-controller-7cfdc467d6,http,10.0.1.50,false,10.244.1.67:8080,kube-state-metrics,flux-system,controlplane-nbg1-1,source-controller-7cfdc467d6-2vjmx,10.244.1.84,kube-prometheus-stack-kube-state-metrics,819d4f61-893d-4347-bd60-f42663433b7f,1,
kube_pod_info,kube-state-metrics,ReplicaSet,talos-cloud-controller-manager-848cf74f9b,http,10.0.1.50,false,10.244.1.67:8080,kube-state-metrics,kube-system,controlplane-nbg1-1,talos-cloud-controller-manager-848cf74f9b-r7n9f,10.244.1.83,kube-prometheus-stack-kube-state-metrics,a99d290a-73b7-4a19-9707-46ea5822f01a,1,
kube_pod_info,kube-state-metrics,StatefulSet,alertmanager-kube-prometheus-stack-alertmanager,http,10.0.1.100,false,10.244.1.67:8080,kube-state-metrics,monitoring,worker-nbg1-1,alertmanager-kube-prometheus-stack-alertmanager-0,10.244.2.69,kube-prometheus-stack-kube-state-metrics,a6a84786-e6c1-4664-bc88-d47352abaf94,1,
kube_pod_info,kube-state-metrics,StatefulSet,apps-logging-fluentd,http,10.0.1.101,false,10.244.1.67:8080,kube-state-metrics,logging,worker-nbg1-2,apps-logging-fluentd-0,10.244.0.106,kube-prometheus-stack-kube-state-metrics,9dd17ead-ce23-4b4f-9cd9-98f77a88a26a,1,
kube_pod_info,kube-state-metrics,StatefulSet,elastic-operator,http,10.0.1.100,false,10.244.1.67:8080,kube-state-metrics,elastic,worker-nbg1-1,elastic-operator-0,10.244.2.70,kube-prometheus-stack-kube-state-metrics,7d051f1a-7408-42b9-bd29-4ca91a1d1d5e,1,
kube_pod_info,kube-state-metrics,StatefulSet,elasticsearch-es-master,http,10.0.1.101,false,10.244.1.67:8080,kube-state-metrics,elastic,worker-nbg1-2,elasticsearch-es-master-0,10.244.0.107,kube-prometheus-stack-kube-state-metrics,dec1c9da-b661-4ced-85ca-f8582b14edd4,1,
kube_pod_info,kube-state-metrics,StatefulSet,prometheus-kube-prometheus-stack-prometheus,http,10.0.1.100,false,10.244.1.67:8080,kube-state-metrics,monitoring,worker-nbg1-1,prometheus-kube-prometheus-stack-prometheus-0,10.244.2.68,kube-prometheus-stack-kube-state-metrics,4ecea42c-e6fc-4196-9f5e-08c3998678fc,1,
kube_pod_info,kube-state-metrics,StatefulSet,rabbitmq,http,10.0.1.100,false,10.244.1.67:8080,kube-state-metrics,rabbitmq,worker-nbg1-1,rabbitmq-0,10.244.2.71,kube-prometheus-stack-kube-state-metrics,52c9960e-427d-4e5b-9a95-cb6918e3fe11,1,
